Date,Open,High,Low,Close
7/01/2018 17:00,1.2026,1.20277,1.20259,1.20277
7/01/2018 17:05,1.20277,1.20344,1.20271,1.20344
7/01/2018 17:10,1.20343,1.20345,1.20298,1.20304
7/01/2018 17:15,1.20303,1.20317,1.20278,1.2031
7/01/2018 17:20,1.20311,1.20338,1.20311,1.20334
7/01/2018 17:25,1.20325,1.20335,1.20322,1.20335
7/01/2018 17:30,1.20334,1.20336,1.2033,1.2033
7/01/2018 17:35,1.20332,1.20334,1.20282,1.20296
7/01/2018 17:40,1.20296,1.20301,1.20292,1.203
7/01/2018 17:45,1.20301,1.20313,1.20301,1.20312
7/01/2018 17:50,1.20311,1.20311,1.20308,1.20308
7/01/2018 17:55,1.20308,1.20321,1.20305,1.20311
7/01/2018 18:00,1.20313,1.20375,1.20313,1.20375
7/01/2018 18:05,1.20371,1.20377,1.2035,1.20355
7/01/2018 18:10,1.20357,1.20358,1.2035,1.20352
7/01/2018 18:15,1.20353,1.20359,1.2035,1.20354
7/01/2018 18:20,1.20352,1.20388,1.20349,1.20384
7/01/2018 18:25,1.20383,1.20385,1.2037,1.20379
7/01/2018 18:30,1.20377,1.20379,1.20367,1.20369
7/01/2018 18:35,1.20368,1.2037,1.20361,1.20366
7/01/2018 18:40,1.20366,1.2038,1.20366,1.2038
7/01/2018 18:45,1.20381,1.20384,1.20345,1.20362
7/01/2018 18:50,1.20362,1.20368,1.20357,1.20368
7/01/2018 18:55,1.2037,1.20373,1.20366,1.2037
7/01/2018 19:00,1.20369,1.20376,1.20365,1.20373
7/01/2018 19:05,1.20373,1.20377,1.20366,1.20366
7/01/2018 19:10,1.20368,1.20378,1.20349,1.20351
7/01/2018 19:15,1.20352,1.2037,1.2035,1.2037
7/01/2018 19:20,1.2037,1.20374,1.20331,1.20355
7/01/2018 19:25,1.20357,1.20367,1.20356,1.20365
7/01/2018 19:30,1.20365,1.20371,1.20359,1.2037
7/01/2018 19:35,1.20371,1.20376,1.20369,1.2037
7/01/2018 19:40,1.20369,1.20371,1.20364,1.2037
7/01/2018 19:45,1.20369,1.2043,1.20368,1.2043
7/01/2018 19:50,1.2043,1.20432,1.20405,1.20417
7/01/2018 19:55,1.20418,1.20448,1.20416,1.20425
7/01/2018 20:00,1.20426,1.20447,1.20416,1.20427
7/01/2018 20:05,1.20428,1.20465,1.20416,1.20465
7/01/2018 20:10,1.20465,1.20488,1.20444,1.20476
7/01/2018 20:15,1.20478,1.20487,1.20468,1.2048
7/01/2018 20:20,1.20481,1.2049,1.20467,1.20487
7/01/2018 20:25,1.20488,1.20522,1.20465,1.20467
7/01/2018 20:30,1.20468,1.20482,1.20442,1.20466
7/01/2018 20:35,1.20465,1.20465,1.20433,1.20445
7/01/2018 20:40,1.20446,1.20492,1.20445,1.20492
7/01/2018 20:45,1.20491,1.20491,1.2046,1.20465
7/01/2018 20:50,1.20464,1.2047,1.20434,1.20434
7/01/2018 20:55,1.20434,1.20454,1.20428,1.20443
7/01/2018 21:00,1.20443,1.20447,1.20432,1.20435
7/01/2018 21:05,1.20435,1.20466,1.20435,1.20445
7/01/2018 21:10,1.2045,1.20461,1.20435,1.20435
7/01/2018 21:15,1.20437,1.20441,1.20414,1.20414
7/01/2018 21:20,1.20414,1.20414,1.20376,1.20387
7/01/2018 21:25,1.20388,1.20402,1.20384,1.20399
7/01/2018 21:30,1.204,1.204,1.20344,1.20347
7/01/2018 21:35,1.20348,1.20351,1.2033,1.20348
7/01/2018 21:40,1.20349,1.20363,1.2033,1.20353
7/01/2018 21:45,1.20353,1.20353,1.20306,1.20312
7/01/2018 21:50,1.20312,1.20361,1.20312,1.20361
7/01/2018 21:55,1.2036,1.20365,1.2035,1.20359
7/01/2018 22:00,1.20356,1.20356,1.20331,1.20331
7/01/2018 22:05,1.20332,1.20336,1.20317,1.20335
7/01/2018 22:10,1.20335,1.2035,1.2033,1.20336
7/01/2018 22:15,1.20336,1.20354,1.20334,1.2034
7/01/2018 22:20,1.20341,1.20341,1.20325,1.20333
7/01/2018 22:25,1.20333,1.20333,1.20318,1.20319
7/01/2018 22:30,1.20319,1.20328,1.20319,1.20327
7/01/2018 22:35,1.20326,1.20326,1.20304,1.20311
7/01/2018 22:40,1.20312,1.20313,1.20287,1.20287
7/01/2018 22:45,1.20288,1.20305,1.20268,1.20305
7/01/2018 22:50,1.20306,1.20326,1.20298,1.20319
7/01/2018 22:55,1.20321,1.20326,1.20313,1.20323
7/01/2018 23:00,1.20324,1.20329,1.20286,1.20286
7/01/2018 23:05,1.20288,1.20302,1.20277,1.20284
7/01/2018 23:10,1.20284,1.20289,1.20261,1.2027
7/01/2018 23:15,1.20271,1.20289,1.20264,1.20274
7/01/2018 23:20,1.20275,1.20291,1.20236,1.20236
7/01/2018 23:25,1.20236,1.20255,1.20231,1.20249
7/01/2018 23:30,1.2025,1.20278,1.20248,1.20255
7/01/2018 23:35,1.20254,1.20272,1.20228,1.20249
7/01/2018 23:40,1.20249,1.20265,1.20249,1.2026
7/01/2018 23:45,1.2026,1.20276,1.2026,1.20275
7/01/2018 23:50,1.20276,1.2028,1.2027,1.2027
7/01/2018 23:55,1.20271,1.20274,1.20254,1.20254
8/01/2018 0:00,1.20253,1.20254,1.20245,1.20254
8/01/2018 0:05,1.20254,1.20276,1.20247,1.20248
8/01/2018 0:10,1.20248,1.20274,1.20242,1.20271
8/01/2018 0:15,1.20271,1.20286,1.20265,1.20286
8/01/2018 0:20,1.20285,1.20285,1.20276,1.2028
8/01/2018 0:25,1.2028,1.2028,1.20245,1.20246
8/01/2018 0:30,1.20246,1.20246,1.20172,1.20172
8/01/2018 0:35,1.20169,1.20196,1.20121,1.20132
8/01/2018 0:40,1.20131,1.20161,1.20129,1.20156
8/01/2018 0:45,1.20155,1.20166,1.2015,1.20161
8/01/2018 0:50,1.20161,1.20192,1.20161,1.2019
8/01/2018 0:55,1.20191,1.20199,1.20186,1.20199
8/01/2018 1:00,1.20199,1.202,1.20176,1.20182
8/01/2018 1:05,1.20182,1.20202,1.20181,1.20202
8/01/2018 1:10,1.20202,1.20226,1.20199,1.2021
8/01/2018 1:15,1.20209,1.20224,1.20207,1.20216
8/01/2018 1:20,1.20215,1.20226,1.20201,1.2022
8/01/2018 1:25,1.20221,1.20225,1.20202,1.20215
8/01/2018 1:30,1.20215,1.20215,1.20157,1.20157
8/01/2018 1:35,1.20158,1.20174,1.2015,1.2015
8/01/2018 1:40,1.20148,1.20159,1.20133,1.20159
8/01/2018 1:45,1.20157,1.20167,1.20148,1.20162
8/01/2018 1:50,1.20163,1.20171,1.20125,1.20125
8/01/2018 1:55,1.20124,1.2015,1.20124,1.2014
8/01/2018 2:00,1.20139,1.20143,1.20101,1.20108
8/01/2018 2:05,1.20108,1.20116,1.20084,1.20086
8/01/2018 2:10,1.20085,1.20095,1.20064,1.20086
8/01/2018 2:15,1.20088,1.20115,1.20088,1.2011
8/01/2018 2:20,1.2011,1.20128,1.2011,1.2012
8/01/2018 2:25,1.20121,1.20129,1.20094,1.20114
8/01/2018 2:30,1.20115,1.20127,1.20069,1.2007
8/01/2018 2:35,1.20072,1.20081,1.20048,1.20049
8/01/2018 2:40,1.2005,1.2005,1.19989,1.2003
8/01/2018 2:45,1.2003,1.20034,1.20004,1.20007
8/01/2018 2:50,1.20007,1.20031,1.20007,1.20016
8/01/2018 2:55,1.20016,1.20024,1.19927,1.19929
8/01/2018 3:00,1.19928,1.19952,1.19919,1.19946
8/01/2018 3:05,1.19946,1.19969,1.19935,1.19968
8/01/2018 3:10,1.19968,1.20007,1.19962,1.19995
8/01/2018 3:15,1.19995,1.19999,1.19968,1.19976
8/01/2018 3:20,1.19975,1.19991,1.19965,1.19991
8/01/2018 3:25,1.19992,1.20001,1.19949,1.19951
8/01/2018 3:30,1.19952,1.19957,1.19925,1.19957
8/01/2018 3:35,1.19955,1.19976,1.19948,1.19961
8/01/2018 3:40,1.19962,1.19965,1.19871,1.19876
8/01/2018 3:45,1.19874,1.19896,1.19868,1.19872
8/01/2018 3:50,1.1987,1.19879,1.19832,1.19868
8/01/2018 3:55,1.1987,1.19905,1.19861,1.19905
8/01/2018 4:00,1.19906,1.19927,1.19885,1.19913
8/01/2018 4:05,1.19913,1.19935,1.19913,1.19926
8/01/2018 4:10,1.19925,1.19934,1.1991,1.1992
8/01/2018 4:15,1.19921,1.19937,1.19904,1.19909
8/01/2018 4:20,1.19909,1.19909,1.19875,1.19878
8/01/2018 4:25,1.19877,1.19901,1.19872,1.19895
8/01/2018 4:30,1.19896,1.19896,1.19872,1.19883
8/01/2018 4:35,1.19884,1.19895,1.19881,1.19881
8/01/2018 4:40,1.19881,1.19892,1.19872,1.19884
8/01/2018 4:45,1.19883,1.19904,1.19875,1.19892
8/01/2018 4:50,1.19891,1.19904,1.19887,1.19891
8/01/2018 4:55,1.19893,1.19908,1.19892,1.19897
8/01/2018 5:00,1.19896,1.19942,1.19895,1.19942
8/01/2018 5:05,1.1994,1.19982,1.1994,1.19968
8/01/2018 5:10,1.19969,1.19973,1.19943,1.19943
8/01/2018 5:15,1.19945,1.19954,1.19911,1.19944
8/01/2018 5:20,1.19944,1.19998,1.19937,1.19976
8/01/2018 5:25,1.19973,1.19975,1.19949,1.19953
8/01/2018 5:30,1.19951,1.19996,1.19933,1.19994
8/01/2018 5:35,1.19993,1.2,1.19984,1.19999
8/01/2018 5:40,1.19998,1.20038,1.19991,1.20034
8/01/2018 5:45,1.20035,1.20073,1.20021,1.20073
8/01/2018 5:50,1.20072,1.20091,1.20059,1.20059
8/01/2018 5:55,1.20059,1.20065,1.20019,1.20038
8/01/2018 6:00,1.20037,1.20058,1.2003,1.20058
8/01/2018 6:05,1.20059,1.20063,1.20037,1.20044
8/01/2018 6:10,1.20045,1.2005,1.20015,1.20021
8/01/2018 6:15,1.2002,1.20031,1.19987,1.19989
8/01/2018 6:20,1.1999,1.1999,1.19943,1.19943
8/01/2018 6:25,1.19942,1.19945,1.19905,1.19905
8/01/2018 6:30,1.19904,1.19919,1.19891,1.19909
8/01/2018 6:35,1.19909,1.19922,1.1989,1.1992
8/01/2018 6:40,1.19919,1.1992,1.19857,1.19867
8/01/2018 6:45,1.19868,1.1988,1.19845,1.19861
8/01/2018 6:50,1.19863,1.19894,1.19863,1.19878
8/01/2018 6:55,1.19877,1.19887,1.19858,1.19859
8/01/2018 7:00,1.19861,1.19869,1.19828,1.1986
8/01/2018 7:05,1.19858,1.19876,1.19854,1.19854
8/01/2018 7:10,1.19855,1.19881,1.19847,1.19876
8/01/2018 7:15,1.19876,1.19886,1.19864,1.19883
8/01/2018 7:20,1.19882,1.19901,1.19879,1.19896
8/01/2018 7:25,1.19894,1.19906,1.19883,1.19896
8/01/2018 7:30,1.19897,1.19897,1.19849,1.19856
8/01/2018 7:35,1.19855,1.19871,1.19839,1.19842
8/01/2018 7:40,1.19844,1.19846,1.1975,1.19776
8/01/2018 7:45,1.19775,1.19776,1.19708,1.19741
8/01/2018 7:50,1.1974,1.19787,1.19739,1.19756
8/01/2018 7:55,1.19755,1.19776,1.19709,1.19714
8/01/2018 8:00,1.19714,1.19738,1.19699,1.19699
8/01/2018 8:05,1.197,1.19729,1.19696,1.19728
8/01/2018 8:10,1.19729,1.19735,1.19713,1.19723
8/01/2018 8:15,1.19724,1.19733,1.19685,1.19705
8/01/2018 8:20,1.19704,1.19752,1.19699,1.19727
8/01/2018 8:25,1.19726,1.19771,1.19726,1.19765
8/01/2018 8:30,1.19764,1.19787,1.19747,1.19772
8/01/2018 8:35,1.19773,1.19774,1.19711,1.19728
8/01/2018 8:40,1.19729,1.19729,1.19689,1.19726
8/01/2018 8:45,1.19727,1.19761,1.19727,1.19744
8/01/2018 8:50,1.19745,1.19759,1.1972,1.19749
8/01/2018 8:55,1.19751,1.19754,1.19691,1.197
8/01/2018 9:00,1.19701,1.19723,1.19692,1.19696
8/01/2018 9:05,1.19696,1.19723,1.19694,1.19722
8/01/2018 9:10,1.19722,1.19755,1.19718,1.19742
8/01/2018 9:15,1.19741,1.19787,1.19728,1.19762
8/01/2018 9:20,1.19762,1.19767,1.1974,1.19749
8/01/2018 9:25,1.1975,1.19791,1.19722,1.19729
8/01/2018 9:30,1.1973,1.19741,1.19708,1.19714
8/01/2018 9:35,1.19714,1.19752,1.19695,1.19729
8/01/2018 9:40,1.1973,1.19743,1.19719,1.19726
8/01/2018 9:45,1.19725,1.19754,1.1972,1.19724
8/01/2018 9:50,1.19723,1.19733,1.19703,1.1971
8/01/2018 9:55,1.19711,1.19722,1.19664,1.19671
8/01/2018 10:00,1.1967,1.19671,1.1963,1.19641
8/01/2018 10:05,1.1964,1.19652,1.1962,1.19644
8/01/2018 10:10,1.19645,1.19647,1.19601,1.19623
8/01/2018 10:15,1.19624,1.19626,1.19596,1.19602
8/01/2018 10:20,1.19603,1.19617,1.19591,1.19607
8/01/2018 10:25,1.19608,1.19645,1.19608,1.19636
8/01/2018 10:30,1.19636,1.19643,1.19615,1.19628
8/01/2018 10:35,1.19629,1.19704,1.19629,1.197
8/01/2018 10:40,1.19699,1.19706,1.19677,1.19704
8/01/2018 10:45,1.19703,1.19707,1.19695,1.19706
8/01/2018 10:50,1.19707,1.19722,1.19668,1.19678
8/01/2018 10:55,1.19679,1.19772,1.1967,1.19752
8/01/2018 11:00,1.19753,1.19786,1.19745,1.19758
8/01/2018 11:05,1.19757,1.19766,1.19733,1.19751
8/01/2018 11:10,1.19751,1.19776,1.19745,1.19763
8/01/2018 11:15,1.19762,1.19771,1.19753,1.19763
8/01/2018 11:20,1.19764,1.1982,1.19764,1.19775
8/01/2018 11:25,1.19773,1.19796,1.1976,1.19776
8/01/2018 11:30,1.19775,1.19786,1.1974,1.19758
8/01/2018 11:35,1.19759,1.19762,1.19739,1.19753
8/01/2018 11:40,1.19751,1.19777,1.19746,1.19766
8/01/2018 11:45,1.19766,1.19803,1.19766,1.19787
8/01/2018 11:50,1.1979,1.19792,1.19755,1.19759
8/01/2018 11:55,1.19756,1.19756,1.19699,1.19724
8/01/2018 12:00,1.19723,1.19741,1.19711,1.19714
8/01/2018 12:05,1.19717,1.1976,1.19717,1.19756
8/01/2018 12:10,1.19755,1.19785,1.19745,1.19745
8/01/2018 12:15,1.19746,1.19754,1.19702,1.19707
8/01/2018 12:20,1.19709,1.19726,1.19699,1.19722
8/01/2018 12:25,1.19722,1.19736,1.1972,1.19723
8/01/2018 12:30,1.19724,1.19731,1.19695,1.197
8/01/2018 12:35,1.19701,1.19701,1.19686,1.19687
8/01/2018 12:40,1.19687,1.19761,1.19687,1.19753
8/01/2018 12:45,1.19754,1.19768,1.19728,1.19729
8/01/2018 12:50,1.1973,1.19735,1.1972,1.19724
8/01/2018 12:55,1.19725,1.19778,1.19724,1.19772
8/01/2018 13:00,1.1977,1.19773,1.19735,1.19735
8/01/2018 13:05,1.1974,1.19745,1.19724,1.19733
8/01/2018 13:10,1.19733,1.19734,1.19678,1.19684
8/01/2018 13:15,1.19688,1.19699,1.19685,1.19688
8/01/2018 13:20,1.19689,1.19691,1.19667,1.19668
8/01/2018 13:25,1.19668,1.19688,1.19644,1.19668
8/01/2018 13:30,1.19669,1.19669,1.19626,1.19637
8/01/2018 13:35,1.19637,1.19641,1.19601,1.19619
8/01/2018 13:40,1.1962,1.19623,1.19567,1.19572
8/01/2018 13:45,1.19573,1.19622,1.1957,1.19617
8/01/2018 13:50,1.19616,1.19647,1.19616,1.19647
8/01/2018 13:55,1.19646,1.19671,1.19614,1.1962
8/01/2018 14:00,1.19621,1.19627,1.19591,1.1961
8/01/2018 14:05,1.1961,1.19625,1.19595,1.19595
8/01/2018 14:10,1.19596,1.19606,1.19587,1.19601
8/01/2018 14:15,1.196,1.196,1.19557,1.1959
8/01/2018 14:20,1.19592,1.19621,1.19591,1.19616
8/01/2018 14:25,1.19617,1.19625,1.19608,1.19613
8/01/2018 14:30,1.19613,1.19642,1.19611,1.19642
8/01/2018 14:35,1.19641,1.19649,1.19636,1.19647
8/01/2018 14:40,1.19645,1.19655,1.19641,1.1965
8/01/2018 14:45,1.1965,1.1965,1.1963,1.19635
8/01/2018 14:50,1.19634,1.19635,1.19624,1.19632
8/01/2018 14:55,1.19632,1.1965,1.19625,1.19627
8/01/2018 15:00,1.19626,1.19642,1.19619,1.19642
8/01/2018 15:05,1.19642,1.19667,1.19642,1.19647
8/01/2018 15:10,1.19646,1.19653,1.1962,1.1962
8/01/2018 15:15,1.19619,1.19645,1.19618,1.19637
8/01/2018 15:20,1.19637,1.19637,1.19611,1.19622
8/01/2018 15:25,1.19623,1.19623,1.19612,1.19618
8/01/2018 15:30,1.19619,1.19639,1.19619,1.19639
8/01/2018 15:35,1.1964,1.19643,1.19635,1.19641
8/01/2018 15:40,1.19643,1.1965,1.19638,1.19642
8/01/2018 15:45,1.19644,1.19649,1.1963,1.1963
8/01/2018 15:50,1.19631,1.19632,1.1962,1.19632
8/01/2018 15:55,1.19631,1.19669,1.19631,1.19669
8/01/2018 16:00,1.19668,1.19678,1.19658,1.19673
8/01/2018 16:05,1.19672,1.19672,1.19656,1.19657
8/01/2018 16:10,1.19658,1.1966,1.19637,1.19638
8/01/2018 16:15,1.19638,1.19649,1.19636,1.19648
8/01/2018 16:20,1.19647,1.1966,1.19647,1.19659
8/01/2018 16:25,1.19658,1.1967,1.19657,1.19663
8/01/2018 16:30,1.19663,1.19664,1.19656,1.19661
8/01/2018 16:35,1.19659,1.1968,1.19659,1.19676
8/01/2018 16:40,1.19674,1.1968,1.19674,1.19676
8/01/2018 16:45,1.19676,1.19676,1.19665,1.19668
8/01/2018 16:50,1.19667,1.19678,1.19666,1.19674
8/01/2018 16:55,1.19674,1.19676,1.19657,1.19657
8/01/2018 17:00,1.19667,1.19685,1.1966,1.19681
8/01/2018 17:05,1.19681,1.19681,1.19662,1.19666
8/01/2018 17:10,1.19666,1.19676,1.19661,1.19661
8/01/2018 17:15,1.19661,1.19671,1.19658,1.19661
8/01/2018 17:20,1.1966,1.19664,1.19659,1.19661
8/01/2018 17:25,1.19663,1.19668,1.19658,1.19659
8/01/2018 17:30,1.1966,1.19676,1.19657,1.19674
8/01/2018 17:35,1.19675,1.19678,1.19665,1.19671
8/01/2018 17:40,1.19672,1.19679,1.1967,1.19671
8/01/2018 17:45,1.19672,1.19678,1.19672,1.19677
8/01/2018 17:50,1.19676,1.19694,1.19675,1.19693
8/01/2018 17:55,1.19693,1.19694,1.19674,1.19679
8/01/2018 18:00,1.1968,1.1968,1.19661,1.19674
8/01/2018 18:05,1.19672,1.19673,1.19667,1.19671
8/01/2018 18:10,1.1967,1.19674,1.19665,1.1967
8/01/2018 18:15,1.19669,1.1967,1.19661,1.19665
8/01/2018 18:20,1.19664,1.19667,1.19664,1.19666
8/01/2018 18:25,1.19663,1.19669,1.19663,1.19668
8/01/2018 18:30,1.19668,1.19683,1.19668,1.19676
8/01/2018 18:35,1.19675,1.19704,1.19675,1.19697
8/01/2018 18:40,1.19697,1.19704,1.19692,1.19697
8/01/2018 18:45,1.19697,1.19697,1.19689,1.19692
8/01/2018 18:50,1.19691,1.19705,1.19689,1.19692
8/01/2018 18:55,1.19692,1.197,1.19692,1.19699
8/01/2018 19:00,1.19693,1.19701,1.19676,1.19676
8/01/2018 19:05,1.19677,1.19685,1.19669,1.1968
8/01/2018 19:10,1.19679,1.1968,1.19652,1.19666
8/01/2018 19:15,1.19666,1.19668,1.1965,1.19651
8/01/2018 19:20,1.19652,1.19667,1.19652,1.19667
8/01/2018 19:25,1.19668,1.19671,1.19665,1.19668
8/01/2018 19:30,1.19671,1.1973,1.19671,1.19721
8/01/2018 19:35,1.19722,1.19722,1.19711,1.19719
8/01/2018 19:40,1.1972,1.19734,1.19712,1.19731
8/01/2018 19:45,1.19731,1.19732,1.19721,1.19722
8/01/2018 19:50,1.1972,1.1972,1.1971,1.19715
8/01/2018 19:55,1.19711,1.19713,1.19709,1.19711
8/01/2018 20:00,1.19712,1.19715,1.19704,1.19709
8/01/2018 20:05,1.19709,1.19709,1.19699,1.19701
8/01/2018 20:10,1.197,1.197,1.19644,1.19644
8/01/2018 20:15,1.19646,1.1966,1.19643,1.19653
8/01/2018 20:20,1.19652,1.19653,1.19626,1.1963
8/01/2018 20:25,1.19629,1.19638,1.19579,1.19624
8/01/2018 20:30,1.19625,1.19648,1.1962,1.19645
8/01/2018 20:35,1.19646,1.19674,1.19626,1.19659
8/01/2018 20:40,1.1966,1.19673,1.19632,1.19658
8/01/2018 20:45,1.19657,1.19697,1.19638,1.19643
8/01/2018 20:50,1.19643,1.19698,1.19632,1.19696
8/01/2018 20:55,1.19695,1.19699,1.19664,1.19668
8/01/2018 21:00,1.19669,1.19756,1.19668,1.1973
8/01/2018 21:05,1.19729,1.19741,1.19709,1.19731
8/01/2018 21:10,1.19732,1.19738,1.19679,1.19705
8/01/2018 21:15,1.19706,1.19748,1.19704,1.19724
8/01/2018 21:20,1.19725,1.19741,1.19694,1.19706
8/01/2018 21:25,1.19707,1.19737,1.19674,1.19681
8/01/2018 21:30,1.1968,1.19729,1.19676,1.19709
8/01/2018 21:35,1.19709,1.19717,1.19673,1.19681
8/01/2018 21:40,1.19683,1.1971,1.19683,1.19697
8/01/2018 21:45,1.19696,1.19712,1.19681,1.19702
8/01/2018 21:50,1.19704,1.19718,1.19701,1.19711
8/01/2018 21:55,1.19712,1.19728,1.19709,1.19726
8/01/2018 22:00,1.19727,1.19729,1.19708,1.19726
8/01/2018 22:05,1.19726,1.19726,1.19715,1.19725
8/01/2018 22:10,1.19726,1.1975,1.19726,1.19741
8/01/2018 22:15,1.19743,1.19749,1.19708,1.19714
8/01/2018 22:20,1.19715,1.19725,1.19701,1.19721
8/01/2018 22:25,1.19721,1.19721,1.19694,1.19695
8/01/2018 22:30,1.19694,1.19706,1.1969,1.1969
8/01/2018 22:35,1.1969,1.1969,1.19676,1.1968
8/01/2018 22:40,1.19682,1.19692,1.19681,1.19691
8/01/2018 22:45,1.19691,1.19707,1.19685,1.19702
8/01/2018 22:50,1.19701,1.19708,1.19698,1.19708
8/01/2018 22:55,1.19707,1.19717,1.19696,1.19716
8/01/2018 23:00,1.19716,1.19722,1.19711,1.19722
8/01/2018 23:05,1.19722,1.19724,1.19705,1.19706
8/01/2018 23:10,1.19705,1.19709,1.19697,1.19697
8/01/2018 23:15,1.19696,1.19699,1.19689,1.1969
8/01/2018 23:20,1.19688,1.1969,1.19671,1.19671
8/01/2018 23:25,1.19673,1.19677,1.19664,1.19675
8/01/2018 23:30,1.19675,1.19682,1.19659,1.19661
8/01/2018 23:35,1.19662,1.19683,1.19662,1.19681
8/01/2018 23:40,1.19681,1.19687,1.19681,1.19687
8/01/2018 23:45,1.19685,1.19687,1.1968,1.1968
8/01/2018 23:50,1.19681,1.19685,1.19665,1.1967
8/01/2018 23:55,1.1967,1.19683,1.19659,1.19681
9/01/2018 0:00,1.1968,1.19694,1.19669,1.19692
9/01/2018 0:05,1.19692,1.19708,1.19692,1.19701
9/01/2018 0:10,1.19699,1.197,1.19679,1.19679
9/01/2018 0:15,1.19678,1.19681,1.19673,1.19675
9/01/2018 0:20,1.19676,1.19676,1.19663,1.19671
9/01/2018 0:25,1.1967,1.19683,1.19667,1.19676
9/01/2018 0:30,1.19677,1.19679,1.19665,1.19676
9/01/2018 0:35,1.19675,1.19695,1.19669,1.19695
9/01/2018 0:40,1.19694,1.19712,1.19693,1.19706
9/01/2018 0:45,1.19705,1.19717,1.19704,1.19704
9/01/2018 0:50,1.19704,1.19715,1.19663,1.19664
9/01/2018 0:55,1.19665,1.1967,1.1964,1.19649
9/01/2018 1:00,1.19648,1.19649,1.19624,1.19632
9/01/2018 1:05,1.19632,1.19632,1.196,1.19608
9/01/2018 1:10,1.19608,1.19618,1.19607,1.19612
9/01/2018 1:15,1.19611,1.19637,1.19599,1.19637
9/01/2018 1:20,1.19636,1.19636,1.19613,1.19628
9/01/2018 1:25,1.19631,1.19646,1.19627,1.19635
9/01/2018 1:30,1.19634,1.19637,1.19548,1.1955
9/01/2018 1:35,1.19551,1.19554,1.19518,1.19529
9/01/2018 1:40,1.1953,1.19547,1.1953,1.19544
9/01/2018 1:45,1.19543,1.19571,1.19537,1.19562
9/01/2018 1:50,1.19562,1.19583,1.19562,1.19565
9/01/2018 1:55,1.19564,1.1959,1.19551,1.19559
9/01/2018 2:00,1.1956,1.1964,1.19556,1.19632
9/01/2018 2:05,1.19633,1.19708,1.19633,1.19698
9/01/2018 2:10,1.19697,1.19697,1.19653,1.19655
9/01/2018 2:15,1.19659,1.1969,1.19658,1.19661
9/01/2018 2:20,1.19662,1.19692,1.19635,1.19674
9/01/2018 2:25,1.19677,1.19703,1.19653,1.19692
9/01/2018 2:30,1.19693,1.19693,1.19645,1.19648
9/01/2018 2:35,1.19648,1.19648,1.19599,1.19623
9/01/2018 2:40,1.19623,1.19631,1.19556,1.19592
9/01/2018 2:45,1.19592,1.19609,1.1958,1.19583
9/01/2018 2:50,1.19584,1.19601,1.19516,1.19523
9/01/2018 2:55,1.19525,1.19552,1.1951,1.1951
9/01/2018 3:00,1.19512,1.19526,1.19441,1.19463
9/01/2018 3:05,1.19462,1.19462,1.19422,1.19431
9/01/2018 3:10,1.19432,1.1946,1.19408,1.19427
9/01/2018 3:15,1.19425,1.19489,1.19425,1.19481
9/01/2018 3:20,1.19481,1.19484,1.19437,1.1944
9/01/2018 3:25,1.19439,1.19442,1.1939,1.19402
9/01/2018 3:30,1.19402,1.19402,1.19364,1.19374
9/01/2018 3:35,1.19375,1.19389,1.1933,1.19332
9/01/2018 3:40,1.19332,1.19382,1.19321,1.19379
9/01/2018 3:45,1.1938,1.19401,1.19374,1.19397
9/01/2018 3:50,1.19396,1.19423,1.19375,1.19375
9/01/2018 3:55,1.19376,1.19413,1.19366,1.19392
9/01/2018 4:00,1.19393,1.19393,1.19339,1.19339
9/01/2018 4:05,1.19337,1.19398,1.19325,1.19358
9/01/2018 4:10,1.19359,1.19422,1.19349,1.1942
9/01/2018 4:15,1.19418,1.19463,1.19409,1.19463
9/01/2018 4:20,1.19461,1.19461,1.19422,1.19447
9/01/2018 4:25,1.19448,1.1945,1.19372,1.19373
9/01/2018 4:30,1.19374,1.19405,1.19374,1.19391
9/01/2018 4:35,1.19393,1.19396,1.19351,1.19366
9/01/2018 4:40,1.19367,1.19367,1.19319,1.19332
9/01/2018 4:45,1.19333,1.19358,1.19333,1.1935
9/01/2018 4:50,1.19351,1.19366,1.19326,1.19364
9/01/2018 4:55,1.19364,1.19392,1.19342,1.19385
9/01/2018 5:00,1.19386,1.19394,1.19366,1.19371
9/01/2018 5:05,1.19371,1.19371,1.1932,1.19339
9/01/2018 5:10,1.19338,1.19338,1.19268,1.19316
9/01/2018 5:15,1.19315,1.19323,1.19282,1.19294
9/01/2018 5:20,1.19295,1.19311,1.1926,1.19263
9/01/2018 5:25,1.19267,1.19316,1.19256,1.19314
9/01/2018 5:30,1.19316,1.19319,1.19299,1.19305
9/01/2018 5:35,1.19305,1.19314,1.1927,1.1928
9/01/2018 5:40,1.19279,1.19298,1.19275,1.19283
9/01/2018 5:45,1.19283,1.19304,1.19273,1.19296
9/01/2018 5:50,1.19294,1.19301,1.19251,1.19277
9/01/2018 5:55,1.19278,1.19294,1.19269,1.19278
9/01/2018 6:00,1.19278,1.19288,1.19252,1.19255
9/01/2018 6:05,1.19255,1.19275,1.19239,1.19246
9/01/2018 6:10,1.19246,1.19246,1.19209,1.1921
9/01/2018 6:15,1.19212,1.19251,1.19212,1.19229
9/01/2018 6:20,1.19229,1.1926,1.1922,1.19259
9/01/2018 6:25,1.1926,1.19287,1.1925,1.19284
9/01/2018 6:30,1.19284,1.19284,1.19247,1.19264
9/01/2018 6:35,1.19268,1.19285,1.19268,1.19275
9/01/2018 6:40,1.19277,1.1928,1.19255,1.1927
9/01/2018 6:45,1.19273,1.19298,1.19273,1.19284
9/01/2018 6:50,1.19285,1.19293,1.19282,1.1929
9/01/2018 6:55,1.19291,1.19297,1.19276,1.19282
9/01/2018 7:00,1.1928,1.19286,1.19267,1.19267
9/01/2018 7:05,1.19267,1.19293,1.19266,1.19288
9/01/2018 7:10,1.19289,1.19312,1.19286,1.19312
9/01/2018 7:15,1.19312,1.19321,1.19303,1.19319
9/01/2018 7:20,1.19318,1.19319,1.19291,1.19298
9/01/2018 7:25,1.19298,1.19298,1.19271,1.19276
9/01/2018 7:30,1.19274,1.19281,1.1926,1.19262
9/01/2018 7:35,1.19263,1.19296,1.19251,1.19294
9/01/2018 7:40,1.19294,1.19328,1.1929,1.19328
9/01/2018 7:45,1.19327,1.19354,1.19311,1.19316
9/01/2018 7:50,1.19314,1.19336,1.19308,1.19309
9/01/2018 7:55,1.19308,1.19347,1.19307,1.19334
9/01/2018 8:00,1.19332,1.19337,1.19294,1.19307
9/01/2018 8:05,1.19308,1.19322,1.19261,1.19261
9/01/2018 8:10,1.19261,1.19326,1.19261,1.19321
9/01/2018 8:15,1.19322,1.1933,1.19293,1.19302
9/01/2018 8:20,1.19304,1.19327,1.19272,1.19272
9/01/2018 8:25,1.19273,1.19275,1.1923,1.19242
9/01/2018 8:30,1.19241,1.19266,1.19235,1.19247
9/01/2018 8:35,1.19248,1.1925,1.19199,1.19201
9/01/2018 8:40,1.192,1.19224,1.19156,1.19214
9/01/2018 8:45,1.19214,1.1923,1.19202,1.19223
9/01/2018 8:50,1.19223,1.1926,1.19218,1.1923
9/01/2018 8:55,1.19231,1.19245,1.19207,1.19207
9/01/2018 9:00,1.19208,1.19264,1.19194,1.19261
9/01/2018 9:05,1.19262,1.193,1.19252,1.19287
9/01/2018 9:10,1.19286,1.19326,1.19272,1.19291
9/01/2018 9:15,1.19291,1.19295,1.19277,1.19282
9/01/2018 9:20,1.19283,1.19307,1.19246,1.19255
9/01/2018 9:25,1.19256,1.19285,1.19251,1.19285
9/01/2018 9:30,1.19284,1.19328,1.19266,1.19295
9/01/2018 9:35,1.19296,1.19324,1.19278,1.1928
9/01/2018 9:40,1.19278,1.19306,1.19263,1.19295
9/01/2018 9:45,1.19296,1.19304,1.19219,1.19222
9/01/2018 9:50,1.19221,1.1926,1.19221,1.19255
9/01/2018 9:55,1.19255,1.19266,1.19171,1.19179
9/01/2018 10:00,1.19178,1.19259,1.19176,1.19256
9/01/2018 10:05,1.19255,1.193,1.19255,1.19296
9/01/2018 10:10,1.19297,1.19325,1.1927,1.1928
9/01/2018 10:15,1.19281,1.19282,1.1923,1.1927
9/01/2018 10:20,1.19271,1.19275,1.19217,1.19249
9/01/2018 10:25,1.19247,1.19264,1.19217,1.19234
9/01/2018 10:30,1.19232,1.19252,1.19195,1.19199
9/01/2018 10:35,1.19201,1.19305,1.19201,1.193
9/01/2018 10:40,1.19301,1.19318,1.19282,1.19284
9/01/2018 10:45,1.19283,1.19307,1.19267,1.19277
9/01/2018 10:50,1.19277,1.19319,1.19261,1.19318
9/01/2018 10:55,1.19317,1.19335,1.19277,1.19296
9/01/2018 11:00,1.19297,1.19311,1.19284,1.19292
9/01/2018 11:05,1.19293,1.19295,1.19243,1.19253
9/01/2018 11:10,1.19253,1.19262,1.19217,1.19253
9/01/2018 11:15,1.19255,1.19269,1.19229,1.19267
9/01/2018 11:20,1.19266,1.19268,1.19234,1.19246
9/01/2018 11:25,1.19247,1.19277,1.19212,1.19216
9/01/2018 11:30,1.19218,1.19259,1.19213,1.19231
9/01/2018 11:35,1.19232,1.19246,1.19211,1.19212
9/01/2018 11:40,1.19213,1.1924,1.19211,1.19227
9/01/2018 11:45,1.19227,1.19259,1.19221,1.19239
9/01/2018 11:50,1.19239,1.19244,1.19218,1.19224
9/01/2018 11:55,1.19226,1.19227,1.1918,1.1921
9/01/2018 12:00,1.19211,1.19233,1.192,1.19204
9/01/2018 12:05,1.19204,1.19209,1.19179,1.19208
9/01/2018 12:10,1.19206,1.19253,1.19202,1.19238
9/01/2018 12:15,1.19237,1.19237,1.19209,1.19211
9/01/2018 12:20,1.19212,1.19223,1.19197,1.19223
9/01/2018 12:25,1.19224,1.19228,1.1919,1.19228
9/01/2018 12:30,1.19226,1.19234,1.19205,1.19205
9/01/2018 12:35,1.19206,1.19248,1.19195,1.19245
9/01/2018 12:40,1.19243,1.19245,1.19217,1.19229
9/01/2018 12:45,1.1923,1.19244,1.19225,1.19236
9/01/2018 12:50,1.19236,1.19239,1.19211,1.19219
9/01/2018 12:55,1.19218,1.19257,1.19209,1.19209
9/01/2018 13:00,1.19208,1.1922,1.192,1.19203
9/01/2018 13:05,1.19206,1.19218,1.19202,1.19215
9/01/2018 13:10,1.19215,1.19227,1.19197,1.19221
9/01/2018 13:15,1.1922,1.19224,1.19164,1.19166
9/01/2018 13:20,1.19167,1.19202,1.19167,1.19202
9/01/2018 13:25,1.19201,1.19238,1.19199,1.19234
9/01/2018 13:30,1.19236,1.19245,1.19234,1.19239
9/01/2018 13:35,1.19239,1.19249,1.19233,1.19233
9/01/2018 13:40,1.19232,1.19245,1.19228,1.19244
9/01/2018 13:45,1.19243,1.19264,1.1924,1.19258
9/01/2018 13:50,1.19257,1.19263,1.19241,1.19261
9/01/2018 13:55,1.1926,1.19314,1.19255,1.19305
9/01/2018 14:00,1.19304,1.19308,1.19252,1.19253
9/01/2018 14:05,1.19254,1.19302,1.19247,1.19299
9/01/2018 14:10,1.193,1.19332,1.19297,1.19322
9/01/2018 14:15,1.19322,1.19334,1.19316,1.19324
9/01/2018 14:20,1.19323,1.19355,1.19322,1.19351
9/01/2018 14:25,1.19352,1.19356,1.19334,1.19334
9/01/2018 14:30,1.19334,1.19344,1.19322,1.19327
9/01/2018 14:35,1.19325,1.19335,1.19301,1.19302
9/01/2018 14:40,1.19302,1.19325,1.19298,1.19303
9/01/2018 14:45,1.19302,1.19321,1.19291,1.19303
9/01/2018 14:50,1.19303,1.19304,1.19293,1.19296
9/01/2018 14:55,1.19297,1.19319,1.19287,1.19318
9/01/2018 15:00,1.1932,1.1934,1.19313,1.1932
9/01/2018 15:05,1.1932,1.1933,1.19314,1.19324
9/01/2018 15:10,1.19323,1.19324,1.19298,1.19305
9/01/2018 15:15,1.19307,1.19328,1.19307,1.19326
9/01/2018 15:20,1.19328,1.19343,1.19316,1.19337
9/01/2018 15:25,1.19335,1.19348,1.19329,1.19332
9/01/2018 15:30,1.19333,1.19334,1.19316,1.19324
9/01/2018 15:35,1.19323,1.19324,1.19314,1.19318
9/01/2018 15:40,1.19319,1.1934,1.19314,1.19336
9/01/2018 15:45,1.19336,1.19347,1.19334,1.19335
9/01/2018 15:50,1.19334,1.19344,1.19333,1.1934
9/01/2018 15:55,1.19342,1.19382,1.19342,1.19376
9/01/2018 16:00,1.1937,1.1939,1.19363,1.19388
9/01/2018 16:05,1.19386,1.19386,1.19363,1.19373
9/01/2018 16:10,1.19372,1.19378,1.19368,1.19368
9/01/2018 16:15,1.19369,1.19383,1.19369,1.19378
9/01/2018 16:20,1.19379,1.19386,1.19378,1.19381
9/01/2018 16:25,1.19381,1.19385,1.19376,1.19376
9/01/2018 16:30,1.19376,1.19381,1.19357,1.19365
9/01/2018 16:35,1.19365,1.19367,1.19358,1.19363
9/01/2018 16:40,1.19363,1.19366,1.19361,1.19365
9/01/2018 16:45,1.19366,1.19368,1.19354,1.19361
9/01/2018 16:50,1.1936,1.19367,1.19358,1.19367
9/01/2018 16:55,1.19369,1.19375,1.19352,1.19352
9/01/2018 17:00,1.19353,1.19363,1.1935,1.19354
9/01/2018 17:05,1.19354,1.19357,1.19349,1.19353
9/01/2018 17:10,1.19357,1.19373,1.19353,1.19354
9/01/2018 17:15,1.19355,1.19365,1.19343,1.19346
9/01/2018 17:20,1.19347,1.19362,1.19346,1.19357
9/01/2018 17:25,1.19358,1.19378,1.19356,1.19361
9/01/2018 17:30,1.19351,1.19369,1.19351,1.19369
9/01/2018 17:35,1.19367,1.19369,1.19359,1.1936
9/01/2018 17:40,1.1936,1.19368,1.19359,1.19367
9/01/2018 17:45,1.19366,1.1938,1.19366,1.1938
9/01/2018 17:50,1.19371,1.1938,1.1935,1.19358
9/01/2018 17:55,1.19359,1.19362,1.1935,1.19352
9/01/2018 18:00,1.19353,1.19358,1.19339,1.19349
9/01/2018 18:05,1.19348,1.19353,1.19341,1.19347
9/01/2018 18:10,1.19347,1.19347,1.19339,1.1934
9/01/2018 18:15,1.19339,1.1935,1.19337,1.19348
9/01/2018 18:20,1.19349,1.1935,1.19318,1.1932
9/01/2018 18:25,1.19319,1.19329,1.19312,1.19329
9/01/2018 18:30,1.19328,1.19329,1.19311,1.19317
9/01/2018 18:35,1.19317,1.1932,1.19302,1.19318
9/01/2018 18:40,1.19319,1.19351,1.19317,1.19346
9/01/2018 18:45,1.19345,1.1936,1.1931,1.1931
9/01/2018 18:50,1.1931,1.19314,1.19293,1.19303
9/01/2018 18:55,1.19303,1.19303,1.19277,1.19283
9/01/2018 19:00,1.19282,1.19319,1.19281,1.1931
9/01/2018 19:05,1.19308,1.19318,1.19306,1.19308
9/01/2018 19:10,1.19307,1.19323,1.19291,1.19299
9/01/2018 19:15,1.19301,1.1931,1.19297,1.19297
9/01/2018 19:20,1.19298,1.19333,1.19298,1.19332
9/01/2018 19:25,1.19334,1.1935,1.19326,1.1935
9/01/2018 19:30,1.19349,1.19364,1.1933,1.1936
9/01/2018 19:35,1.1936,1.19376,1.1934,1.19346
9/01/2018 19:40,1.19346,1.19346,1.19331,1.19337
9/01/2018 19:45,1.19336,1.19337,1.19309,1.1931
9/01/2018 19:50,1.19309,1.1936,1.19299,1.1936
9/01/2018 19:55,1.19352,1.19383,1.19343,1.19375
9/01/2018 20:00,1.19373,1.19381,1.19354,1.19379
9/01/2018 20:05,1.19378,1.19392,1.19378,1.19386
9/01/2018 20:10,1.19385,1.19399,1.1937,1.19397
9/01/2018 20:15,1.19397,1.19421,1.19338,1.19343
9/01/2018 20:20,1.19345,1.19392,1.1934,1.19371
9/01/2018 20:25,1.1937,1.19385,1.19343,1.19354
9/01/2018 20:30,1.19357,1.19359,1.19328,1.19345
9/01/2018 20:35,1.19346,1.19388,1.19346,1.19386
9/01/2018 20:40,1.19387,1.19415,1.19375,1.19414
9/01/2018 20:45,1.19413,1.19431,1.19405,1.19416
9/01/2018 20:50,1.19416,1.19436,1.19409,1.19427
9/01/2018 20:55,1.19426,1.19451,1.19416,1.1945
9/01/2018 21:00,1.19449,1.19451,1.19425,1.19433
9/01/2018 21:05,1.19434,1.19436,1.19402,1.19404
9/01/2018 21:10,1.19405,1.1944,1.19404,1.19436
9/01/2018 21:15,1.19437,1.19464,1.19431,1.19455
9/01/2018 21:20,1.19455,1.19475,1.19455,1.19461
9/01/2018 21:25,1.19462,1.19478,1.19448,1.19449
9/01/2018 21:30,1.1945,1.19483,1.19443,1.19481
9/01/2018 21:35,1.19478,1.19489,1.1944,1.1944
9/01/2018 21:40,1.1944,1.1946,1.19438,1.19449
9/01/2018 21:45,1.19453,1.1947,1.19423,1.1947
9/01/2018 21:50,1.19471,1.19471,1.19454,1.19469
9/01/2018 21:55,1.19469,1.19486,1.19465,1.19482
9/01/2018 22:00,1.19479,1.19494,1.19472,1.19477
9/01/2018 22:05,1.19477,1.19489,1.19474,1.1948
9/01/2018 22:10,1.19479,1.1948,1.19471,1.19471
9/01/2018 22:15,1.19472,1.19479,1.19469,1.19474
9/01/2018 22:20,1.19474,1.19474,1.19459,1.19463
9/01/2018 22:25,1.19462,1.19475,1.19462,1.19465
9/01/2018 22:30,1.19464,1.19472,1.19458,1.19458
9/01/2018 22:35,1.1946,1.1946,1.19443,1.19444
9/01/2018 22:40,1.19443,1.19446,1.19433,1.19433
9/01/2018 22:45,1.19434,1.19436,1.19423,1.19427
9/01/2018 22:50,1.19428,1.19443,1.19422,1.19423
9/01/2018 22:55,1.19423,1.19432,1.19408,1.19416
9/01/2018 23:00,1.19418,1.19423,1.19409,1.19414
9/01/2018 23:05,1.19413,1.19427,1.19406,1.19427
9/01/2018 23:10,1.19427,1.19427,1.19394,1.19415
9/01/2018 23:15,1.19415,1.19419,1.19393,1.19394
9/01/2018 23:20,1.19395,1.19403,1.19393,1.19394
9/01/2018 23:25,1.19395,1.19404,1.1939,1.194
9/01/2018 23:30,1.19399,1.194,1.19395,1.19398
9/01/2018 23:35,1.19399,1.19403,1.1939,1.1939
9/01/2018 23:40,1.19389,1.19394,1.19382,1.19383
9/01/2018 23:45,1.19383,1.19387,1.19365,1.19369
9/01/2018 23:50,1.19369,1.19377,1.19359,1.19371
9/01/2018 23:55,1.19372,1.19374,1.19356,1.19361
10/01/2018 0:00,1.1936,1.19374,1.1936,1.19373
10/01/2018 0:05,1.19374,1.19384,1.19374,1.19379
10/01/2018 0:10,1.1938,1.19384,1.19353,1.19354
10/01/2018 0:15,1.19352,1.19391,1.19352,1.19376
10/01/2018 0:20,1.19376,1.19386,1.19375,1.19386
10/01/2018 0:25,1.19386,1.19406,1.19372,1.19399
10/01/2018 0:30,1.19399,1.19399,1.19361,1.19378
10/01/2018 0:35,1.19379,1.19415,1.19372,1.19372
10/01/2018 0:40,1.19371,1.19398,1.19355,1.19356
10/01/2018 0:45,1.19355,1.19355,1.19332,1.19333
10/01/2018 0:50,1.19332,1.19336,1.19293,1.19293
10/01/2018 0:55,1.19294,1.19312,1.19269,1.19279
10/01/2018 1:00,1.19278,1.1931,1.19276,1.19294
10/01/2018 1:05,1.19293,1.19331,1.19282,1.19325
10/01/2018 1:10,1.19324,1.19341,1.19304,1.19304
10/01/2018 1:15,1.19305,1.19305,1.1927,1.19283
10/01/2018 1:20,1.19284,1.19311,1.19284,1.19303
10/01/2018 1:25,1.19304,1.19311,1.19278,1.19289
10/01/2018 1:30,1.19288,1.1929,1.19258,1.19269
10/01/2018 1:35,1.1927,1.19289,1.19253,1.19253
10/01/2018 1:40,1.19252,1.19271,1.19236,1.19251
10/01/2018 1:45,1.19253,1.19271,1.19231,1.19269
10/01/2018 1:50,1.1927,1.19272,1.1925,1.19267
10/01/2018 1:55,1.19268,1.19295,1.19262,1.19289
10/01/2018 2:00,1.19288,1.19338,1.19275,1.19318
10/01/2018 2:05,1.19317,1.19325,1.1929,1.1931
10/01/2018 2:10,1.19312,1.19356,1.19301,1.19342
10/01/2018 2:15,1.19344,1.1935,1.19311,1.19337
10/01/2018 2:20,1.1934,1.1943,1.1934,1.19404
10/01/2018 2:25,1.19402,1.19419,1.19352,1.19356
10/01/2018 2:30,1.19357,1.19446,1.19356,1.19379
10/01/2018 2:35,1.19378,1.19396,1.19361,1.19388
10/01/2018 2:40,1.19388,1.19394,1.19349,1.19372
10/01/2018 2:45,1.1937,1.19395,1.19338,1.19353
10/01/2018 2:50,1.19353,1.19395,1.1935,1.19367
10/01/2018 2:55,1.1937,1.19394,1.19334,1.19347
10/01/2018 3:00,1.1935,1.1942,1.19343,1.19395
10/01/2018 3:05,1.19396,1.19433,1.19381,1.19428
10/01/2018 3:10,1.19427,1.19464,1.19424,1.19443
10/01/2018 3:15,1.19445,1.19483,1.1944,1.19471
10/01/2018 3:20,1.19471,1.19548,1.19459,1.19511
10/01/2018 3:25,1.1951,1.1953,1.195,1.19507
10/01/2018 3:30,1.19508,1.19547,1.19508,1.19531
10/01/2018 3:35,1.19531,1.19532,1.19495,1.195
10/01/2018 3:40,1.195,1.19523,1.19491,1.19507
10/01/2018 3:45,1.19507,1.1951,1.1948,1.19492
10/01/2018 3:50,1.19492,1.19498,1.19476,1.1949
10/01/2018 3:55,1.19487,1.19493,1.19449,1.19461
10/01/2018 4:00,1.19462,1.19493,1.19453,1.19454
10/01/2018 4:05,1.19455,1.19456,1.19421,1.19432
10/01/2018 4:10,1.1943,1.19476,1.19392,1.19473
10/01/2018 4:15,1.19471,1.19473,1.19426,1.19436
10/01/2018 4:20,1.19436,1.19464,1.19433,1.19459
10/01/2018 4:25,1.1946,1.1946,1.19444,1.19454
10/01/2018 4:30,1.19453,1.19468,1.19431,1.19431
10/01/2018 4:35,1.1943,1.19476,1.19423,1.19465
10/01/2018 4:40,1.19465,1.19479,1.19433,1.19438
10/01/2018 4:45,1.19438,1.19475,1.1941,1.19411
10/01/2018 4:50,1.19411,1.19431,1.19387,1.19396
10/01/2018 4:55,1.19399,1.19403,1.1938,1.19385
10/01/2018 5:00,1.19386,1.19393,1.1936,1.19371
10/01/2018 5:05,1.1937,1.19387,1.19355,1.19357
10/01/2018 5:10,1.1936,1.19387,1.19354,1.19376
10/01/2018 5:15,1.19378,1.19405,1.19376,1.19405
10/01/2018 5:20,1.19406,1.19435,1.19406,1.19433
10/01/2018 5:25,1.19436,1.19448,1.19315,1.19389
10/01/2018 5:30,1.19385,1.19488,1.19339,1.19481
10/01/2018 5:35,1.19482,1.19674,1.19479,1.19669
10/01/2018 5:40,1.19679,1.19911,1.19663,1.19871
10/01/2018 5:45,1.19873,1.19999,1.19835,1.19998
10/01/2018 5:50,1.19999,1.20003,1.19836,1.19836
10/01/2018 5:55,1.19837,1.19948,1.19837,1.19945
10/01/2018 6:00,1.19946,1.2011,1.19942,1.20055
10/01/2018 6:05,1.20056,1.20094,1.19963,1.19969
10/01/2018 6:10,1.1997,1.20011,1.19955,1.19973
10/01/2018 6:15,1.19972,1.19989,1.19894,1.199
10/01/2018 6:20,1.19899,1.19926,1.1987,1.19909
10/01/2018 6:25,1.19907,1.20022,1.19907,1.19962
10/01/2018 6:30,1.19962,1.19996,1.19927,1.19996
10/01/2018 6:35,1.19998,1.20071,1.19988,1.20065
10/01/2018 6:40,1.20065,1.20158,1.20008,1.20143
10/01/2018 6:45,1.20145,1.20161,1.20065,1.20065
10/01/2018 6:50,1.20064,1.20141,1.20063,1.20119
10/01/2018 6:55,1.20116,1.20116,1.20052,1.20055
10/01/2018 7:00,1.20055,1.20149,1.20055,1.20118
10/01/2018 7:05,1.20119,1.20177,1.2009,1.2009
10/01/2018 7:10,1.20094,1.20163,1.20064,1.20069
10/01/2018 7:15,1.20068,1.20083,1.20037,1.20043
10/01/2018 7:20,1.20044,1.201,1.2004,1.20096
10/01/2018 7:25,1.20098,1.20156,1.20097,1.20106
10/01/2018 7:30,1.20108,1.20138,1.20078,1.20081
10/01/2018 7:35,1.20082,1.20105,1.20061,1.20072
10/01/2018 7:40,1.20075,1.20078,1.20053,1.20063
10/01/2018 7:45,1.20062,1.20079,1.20051,1.20059
10/01/2018 7:50,1.2006,1.20068,1.19978,1.19982
10/01/2018 7:55,1.19982,1.20017,1.19956,1.19978
10/01/2018 8:00,1.19979,1.1998,1.19911,1.19912
10/01/2018 8:05,1.19912,1.1998,1.19912,1.19949
10/01/2018 8:10,1.19951,1.19954,1.19902,1.19915
10/01/2018 8:15,1.19914,1.19961,1.19907,1.19956
10/01/2018 8:20,1.19954,1.19997,1.19934,1.19994
10/01/2018 8:25,1.19995,1.19998,1.1997,1.19991
10/01/2018 8:30,1.1999,1.20024,1.19937,1.19978
10/01/2018 8:35,1.19977,1.20011,1.1996,1.20002
10/01/2018 8:40,1.20002,1.20026,1.19936,1.19938
10/01/2018 8:45,1.19939,1.19965,1.19923,1.19937
10/01/2018 8:50,1.19936,1.19944,1.19903,1.19916
10/01/2018 8:55,1.19915,1.19956,1.19899,1.19949
10/01/2018 9:00,1.19947,1.20019,1.19936,1.20004
10/01/2018 9:05,1.20001,1.20025,1.19964,1.1998
10/01/2018 9:10,1.1998,1.20039,1.19967,1.20035
10/01/2018 9:15,1.20035,1.2007,1.20007,1.2004
10/01/2018 9:20,1.20037,1.2004,1.19981,1.19982
10/01/2018 9:25,1.19985,1.20005,1.19947,1.19962
10/01/2018 9:30,1.19962,1.19962,1.19845,1.19863
10/01/2018 9:35,1.19864,1.19874,1.19768,1.19805
10/01/2018 9:40,1.19804,1.1982,1.1973,1.19783
10/01/2018 9:45,1.19783,1.19828,1.19782,1.19825
10/01/2018 9:50,1.19827,1.1987,1.19824,1.19849
10/01/2018 9:55,1.19849,1.19873,1.1984,1.19857
10/01/2018 10:00,1.19857,1.19907,1.19842,1.19878
10/01/2018 10:05,1.19877,1.19916,1.19849,1.19916
10/01/2018 10:10,1.19919,1.19961,1.1991,1.19918
10/01/2018 10:15,1.19919,1.19941,1.19902,1.19906
10/01/2018 10:20,1.19907,1.19933,1.19886,1.19891
10/01/2018 10:25,1.1989,1.19914,1.19867,1.1988
10/01/2018 10:30,1.19881,1.19882,1.19817,1.19838
10/01/2018 10:35,1.19837,1.19852,1.19783,1.19786
10/01/2018 10:40,1.19785,1.19827,1.19771,1.19796
10/01/2018 10:45,1.19797,1.19849,1.19797,1.19824
10/01/2018 10:50,1.19824,1.19863,1.198,1.19835
10/01/2018 10:55,1.19838,1.19848,1.19792,1.19826
10/01/2018 11:00,1.19826,1.19837,1.19742,1.19807
10/01/2018 11:05,1.19805,1.19809,1.19744,1.19771
10/01/2018 11:10,1.19772,1.19775,1.19709,1.19747
10/01/2018 11:15,1.19751,1.19766,1.19707,1.19707
10/01/2018 11:20,1.19706,1.19726,1.19644,1.19687
10/01/2018 11:25,1.19684,1.19723,1.19653,1.19723
10/01/2018 11:30,1.19722,1.19722,1.19682,1.19682
10/01/2018 11:35,1.19684,1.19694,1.19624,1.19676
10/01/2018 11:40,1.19676,1.19677,1.19629,1.19666
10/01/2018 11:45,1.19667,1.1968,1.19622,1.1963
10/01/2018 11:50,1.19633,1.19652,1.1958,1.19598
10/01/2018 11:55,1.19601,1.19618,1.19554,1.19586
10/01/2018 12:00,1.19579,1.19609,1.19574,1.19607
10/01/2018 12:05,1.19608,1.19636,1.19598,1.19618
10/01/2018 12:10,1.19618,1.19623,1.19506,1.19524
10/01/2018 12:15,1.19526,1.19617,1.19526,1.19609
10/01/2018 12:20,1.1961,1.19642,1.19608,1.19627
10/01/2018 12:25,1.19627,1.19631,1.19592,1.19593
10/01/2018 12:30,1.19593,1.19601,1.19556,1.19563
10/01/2018 12:35,1.19565,1.1962,1.19564,1.19617
10/01/2018 12:40,1.19616,1.19634,1.19605,1.19616
10/01/2018 12:45,1.19615,1.19651,1.19615,1.19637
10/01/2018 12:50,1.19637,1.19638,1.19591,1.19615
10/01/2018 12:55,1.19616,1.19637,1.19601,1.19605
10/01/2018 13:00,1.19601,1.19669,1.19591,1.19657
10/01/2018 13:05,1.19656,1.19668,1.19633,1.19637
10/01/2018 13:10,1.19636,1.19647,1.19619,1.19647
10/01/2018 13:15,1.19648,1.19667,1.19641,1.19667
10/01/2018 13:20,1.19668,1.19676,1.19663,1.19669
10/01/2018 13:25,1.19668,1.19669,1.1963,1.19648
10/01/2018 13:30,1.19647,1.19658,1.19612,1.19626
10/01/2018 13:35,1.19625,1.19653,1.19572,1.19594
10/01/2018 13:40,1.19595,1.19599,1.19586,1.19597
10/01/2018 13:45,1.19597,1.19611,1.19554,1.19565
10/01/2018 13:50,1.19567,1.19589,1.19566,1.19589
10/01/2018 13:55,1.1959,1.19608,1.19574,1.19586
10/01/2018 14:00,1.19585,1.19591,1.19571,1.1959
10/01/2018 14:05,1.19589,1.19594,1.19529,1.1953
10/01/2018 14:10,1.19532,1.19545,1.194,1.19443
10/01/2018 14:15,1.19445,1.19496,1.19445,1.19446
10/01/2018 14:20,1.19445,1.19506,1.19431,1.1949
10/01/2018 14:25,1.19489,1.19505,1.19473,1.19485
10/01/2018 14:30,1.19484,1.19545,1.19474,1.19512
10/01/2018 14:35,1.19513,1.1952,1.19483,1.19488
10/01/2018 14:40,1.19487,1.19545,1.19481,1.1953
10/01/2018 14:45,1.19529,1.1953,1.19488,1.19511
10/01/2018 14:50,1.19513,1.19579,1.19508,1.19575
10/01/2018 14:55,1.19574,1.19586,1.19553,1.19582
10/01/2018 15:00,1.19577,1.19653,1.19573,1.19603
10/01/2018 15:05,1.19605,1.19643,1.19565,1.19575
10/01/2018 15:10,1.19575,1.19603,1.19546,1.19573
10/01/2018 15:15,1.19575,1.19578,1.19542,1.19578
10/01/2018 15:20,1.19577,1.19588,1.19557,1.19587
10/01/2018 15:25,1.19586,1.19594,1.1957,1.19587
10/01/2018 15:30,1.19586,1.19588,1.19556,1.19559
10/01/2018 15:35,1.19558,1.19571,1.1955,1.19567
10/01/2018 15:40,1.19566,1.19613,1.19562,1.19605
10/01/2018 15:45,1.19606,1.19609,1.19583,1.19594
10/01/2018 15:50,1.19592,1.19594,1.19566,1.19568
10/01/2018 15:55,1.19568,1.19584,1.1956,1.19568
10/01/2018 16:00,1.19567,1.19581,1.19556,1.19581
10/01/2018 16:05,1.1958,1.19581,1.19555,1.19556
10/01/2018 16:10,1.19555,1.19557,1.19551,1.19556
10/01/2018 16:15,1.19557,1.19563,1.19547,1.1955
10/01/2018 16:20,1.19551,1.19556,1.19541,1.19543
10/01/2018 16:25,1.19543,1.19543,1.19491,1.19501
10/01/2018 16:30,1.19498,1.19532,1.19498,1.19525
10/01/2018 16:35,1.19523,1.19523,1.19476,1.19484
10/01/2018 16:40,1.19485,1.19493,1.19477,1.19492
10/01/2018 16:45,1.1949,1.1951,1.19487,1.19505
10/01/2018 16:50,1.19506,1.19506,1.19484,1.19486
10/01/2018 16:55,1.19486,1.19491,1.19458,1.19458
10/01/2018 17:00,1.19456,1.19478,1.19456,1.19476
10/01/2018 17:05,1.19475,1.19489,1.19467,1.19481
10/01/2018 17:10,1.19484,1.19504,1.19477,1.195
10/01/2018 17:15,1.19499,1.19507,1.19498,1.19507
10/01/2018 17:20,1.19507,1.19522,1.1947,1.1949
10/01/2018 17:25,1.19491,1.19491,1.19475,1.19487
10/01/2018 17:30,1.19481,1.19489,1.19469,1.19485
10/01/2018 17:35,1.19485,1.1949,1.19466,1.19477
10/01/2018 17:40,1.19478,1.19486,1.19477,1.1948
10/01/2018 17:45,1.1948,1.19493,1.19477,1.19492
10/01/2018 17:50,1.19493,1.19493,1.19488,1.19492
10/01/2018 17:55,1.19493,1.19495,1.1949,1.19493
10/01/2018 18:00,1.19495,1.19513,1.19489,1.19513
10/01/2018 18:05,1.19514,1.19526,1.1951,1.19525
10/01/2018 18:10,1.19524,1.19536,1.19514,1.19521
10/01/2018 18:15,1.1952,1.19541,1.19514,1.19541
10/01/2018 18:20,1.1954,1.19541,1.19532,1.19532
10/01/2018 18:25,1.19537,1.19546,1.19535,1.19538
10/01/2018 18:30,1.19541,1.19573,1.19541,1.19563
10/01/2018 18:35,1.19564,1.19565,1.19559,1.19565
10/01/2018 18:40,1.19567,1.19591,1.19567,1.19585
10/01/2018 18:45,1.19584,1.19584,1.1956,1.19571
10/01/2018 18:50,1.19573,1.19577,1.19568,1.19576
10/01/2018 18:55,1.19575,1.19575,1.19555,1.19559
10/01/2018 19:00,1.19558,1.19585,1.19539,1.19585
10/01/2018 19:05,1.19586,1.19591,1.19544,1.19558
10/01/2018 19:10,1.19559,1.19566,1.19539,1.19561
10/01/2018 19:15,1.1956,1.1956,1.19534,1.19554
10/01/2018 19:20,1.19554,1.19554,1.19508,1.19514
10/01/2018 19:25,1.19517,1.19534,1.19495,1.19506
10/01/2018 19:30,1.19506,1.19533,1.19488,1.1949
10/01/2018 19:35,1.19491,1.19518,1.19474,1.19481
10/01/2018 19:40,1.19478,1.19513,1.19478,1.19509
10/01/2018 19:45,1.1951,1.19526,1.19489,1.19512
10/01/2018 19:50,1.19511,1.19596,1.19494,1.19584
10/01/2018 19:55,1.19574,1.19601,1.1954,1.196
10/01/2018 20:00,1.19599,1.19622,1.19551,1.19566
10/01/2018 20:05,1.19564,1.19604,1.19564,1.1958
10/01/2018 20:10,1.19579,1.19596,1.19572,1.19576
10/01/2018 20:15,1.19575,1.19589,1.19541,1.19554
10/01/2018 20:20,1.19556,1.1957,1.19543,1.1955
10/01/2018 20:25,1.19551,1.19582,1.1954,1.1957
10/01/2018 20:30,1.1957,1.19591,1.19561,1.19581
10/01/2018 20:35,1.19582,1.19627,1.1958,1.19611
10/01/2018 20:40,1.1961,1.19626,1.19593,1.19596
10/01/2018 20:45,1.19597,1.19628,1.19596,1.19621
10/01/2018 20:50,1.1962,1.19622,1.19575,1.19575
10/01/2018 20:55,1.19574,1.19595,1.19562,1.19593
10/01/2018 21:00,1.19592,1.19596,1.1957,1.19574
10/01/2018 21:05,1.19575,1.19613,1.19561,1.19595
10/01/2018 21:10,1.19595,1.19606,1.19584,1.19606
10/01/2018 21:15,1.19606,1.19638,1.19606,1.19619
10/01/2018 21:20,1.19618,1.19651,1.19611,1.19638
10/01/2018 21:25,1.19638,1.1965,1.19634,1.1965
10/01/2018 21:30,1.19651,1.19661,1.19634,1.19656
10/01/2018 21:35,1.19657,1.19674,1.1965,1.19651
10/01/2018 21:40,1.19651,1.19656,1.19649,1.19656
10/01/2018 21:45,1.19656,1.19679,1.19656,1.19675
10/01/2018 21:50,1.19676,1.19688,1.19672,1.19687
10/01/2018 21:55,1.19686,1.19689,1.19666,1.19666
10/01/2018 22:00,1.19665,1.19699,1.19665,1.19671
10/01/2018 22:05,1.19674,1.19691,1.19674,1.19691
10/01/2018 22:10,1.19691,1.19691,1.19661,1.19668
10/01/2018 22:15,1.19668,1.1967,1.19654,1.19657
10/01/2018 22:20,1.19656,1.19666,1.1964,1.19645
10/01/2018 22:25,1.19647,1.19671,1.19573,1.19573
10/01/2018 22:30,1.19572,1.19641,1.19559,1.19559
10/01/2018 22:35,1.19558,1.19563,1.1945,1.19476
10/01/2018 22:40,1.19473,1.19515,1.19455,1.19488
10/01/2018 22:45,1.1949,1.19528,1.19482,1.19508
10/01/2018 22:50,1.19509,1.19557,1.19507,1.19551
10/01/2018 22:55,1.19552,1.19554,1.19516,1.19534
10/01/2018 23:00,1.19533,1.19544,1.19517,1.19517
10/01/2018 23:05,1.19519,1.19533,1.19497,1.19514
10/01/2018 23:10,1.19517,1.19528,1.19495,1.19503
10/01/2018 23:15,1.19504,1.19505,1.19454,1.19455
10/01/2018 23:20,1.19456,1.19477,1.19447,1.19447
10/01/2018 23:25,1.19445,1.1947,1.19445,1.19462
10/01/2018 23:30,1.19462,1.19479,1.19435,1.19464
10/01/2018 23:35,1.19462,1.19464,1.19424,1.19447
10/01/2018 23:40,1.19448,1.19453,1.19412,1.19445
10/01/2018 23:45,1.19445,1.19463,1.19442,1.19462
10/01/2018 23:50,1.19462,1.1949,1.19457,1.19488
10/01/2018 23:55,1.19487,1.19487,1.19462,1.19467
11/01/2018 0:00,1.19468,1.19486,1.19446,1.19446
11/01/2018 0:05,1.19443,1.19446,1.19411,1.19428
11/01/2018 0:10,1.19429,1.19445,1.19429,1.1944
11/01/2018 0:15,1.19439,1.19481,1.19439,1.19478
11/01/2018 0:20,1.19477,1.19488,1.19472,1.19483
11/01/2018 0:25,1.19482,1.19492,1.19478,1.19492
11/01/2018 0:30,1.19492,1.19523,1.19485,1.19505
11/01/2018 0:35,1.19505,1.19527,1.19499,1.19523
11/01/2018 0:40,1.19524,1.19539,1.19508,1.19533
11/01/2018 0:45,1.19534,1.19539,1.19509,1.19509
11/01/2018 0:50,1.19508,1.19519,1.19486,1.19486
11/01/2018 0:55,1.19486,1.19533,1.19486,1.19522
11/01/2018 1:00,1.1952,1.1952,1.19492,1.195
11/01/2018 1:05,1.19499,1.19512,1.19475,1.19487
11/01/2018 1:10,1.19486,1.19506,1.19484,1.19488
11/01/2018 1:15,1.19487,1.19506,1.19444,1.19446
11/01/2018 1:20,1.19447,1.19462,1.19447,1.19457
11/01/2018 1:25,1.19457,1.19484,1.19452,1.19463
11/01/2018 1:30,1.19463,1.19464,1.19453,1.19458
11/01/2018 1:35,1.19459,1.19459,1.19423,1.19431
11/01/2018 1:40,1.19431,1.19444,1.1943,1.19434
11/01/2018 1:45,1.1943,1.1943,1.19363,1.19377
11/01/2018 1:50,1.19378,1.19425,1.1937,1.19414
11/01/2018 1:55,1.19413,1.19421,1.19398,1.19419
11/01/2018 2:00,1.19418,1.1947,1.19417,1.19463
11/01/2018 2:05,1.19462,1.19497,1.19462,1.19468
11/01/2018 2:10,1.19469,1.19477,1.19421,1.19444
11/01/2018 2:15,1.19447,1.19467,1.19432,1.1945
11/01/2018 2:20,1.19451,1.19461,1.19426,1.19449
11/01/2018 2:25,1.19448,1.1946,1.19423,1.19424
11/01/2018 2:30,1.19425,1.19441,1.19354,1.19366
11/01/2018 2:35,1.19365,1.19367,1.19318,1.19324
11/01/2018 2:40,1.19324,1.19325,1.19294,1.19307
11/01/2018 2:45,1.19306,1.19361,1.19306,1.19361
11/01/2018 2:50,1.19361,1.19385,1.19333,1.19384
11/01/2018 2:55,1.19382,1.19401,1.19375,1.19399
11/01/2018 3:00,1.19398,1.194,1.19325,1.19345
11/01/2018 3:05,1.19346,1.19408,1.19322,1.19381
11/01/2018 3:10,1.19383,1.1942,1.19383,1.1939
11/01/2018 3:15,1.19393,1.19409,1.19363,1.19399
11/01/2018 3:20,1.19398,1.19403,1.19372,1.1938
11/01/2018 3:25,1.19379,1.19379,1.19293,1.19327
11/01/2018 3:30,1.19328,1.19347,1.1931,1.19339
11/01/2018 3:35,1.19337,1.19384,1.19325,1.19384
11/01/2018 3:40,1.19385,1.194,1.19349,1.19353
11/01/2018 3:45,1.19353,1.19371,1.19348,1.19359
11/01/2018 3:50,1.1936,1.19378,1.19344,1.19378
11/01/2018 3:55,1.19381,1.1939,1.1935,1.1938
11/01/2018 4:00,1.19379,1.19404,1.19333,1.19366
11/01/2018 4:05,1.19367,1.19405,1.19362,1.19366
11/01/2018 4:10,1.19365,1.1944,1.19363,1.19429
11/01/2018 4:15,1.1943,1.19458,1.19417,1.1943
11/01/2018 4:20,1.19431,1.1947,1.19431,1.19432
11/01/2018 4:25,1.19433,1.19433,1.19404,1.19413
11/01/2018 4:30,1.19415,1.19422,1.19384,1.19399
11/01/2018 4:35,1.194,1.1942,1.19373,1.19408
11/01/2018 4:40,1.19408,1.19497,1.19407,1.19468
11/01/2018 4:45,1.19469,1.19479,1.19419,1.19427
11/01/2018 4:50,1.19428,1.19463,1.19427,1.19459
11/01/2018 4:55,1.19458,1.19484,1.19434,1.19477
11/01/2018 5:00,1.19477,1.19497,1.19465,1.19489
11/01/2018 5:05,1.19488,1.19491,1.19452,1.19456
11/01/2018 5:10,1.19456,1.19475,1.19439,1.1944
11/01/2018 5:15,1.19442,1.19451,1.19387,1.1943
11/01/2018 5:20,1.19429,1.19433,1.19402,1.19405
11/01/2018 5:25,1.19405,1.19485,1.19405,1.19476
11/01/2018 5:30,1.19475,1.19513,1.19472,1.19496
11/01/2018 5:35,1.19496,1.19515,1.19463,1.1947
11/01/2018 5:40,1.19471,1.19478,1.19454,1.1946
11/01/2018 5:45,1.1946,1.19484,1.19449,1.19451
11/01/2018 5:50,1.1945,1.19465,1.19434,1.19458
11/01/2018 5:55,1.19459,1.19464,1.19427,1.19464
11/01/2018 6:00,1.19467,1.19482,1.19448,1.19455
11/01/2018 6:05,1.19454,1.19481,1.19446,1.1947
11/01/2018 6:10,1.19469,1.19479,1.19457,1.1947
11/01/2018 6:15,1.1947,1.19475,1.19434,1.19437
11/01/2018 6:20,1.19439,1.19475,1.19437,1.19474
11/01/2018 6:25,1.19475,1.19506,1.1947,1.19494
11/01/2018 6:30,1.19493,1.19494,1.1946,1.1946
11/01/2018 6:35,1.19459,1.19474,1.19437,1.19438
11/01/2018 6:40,1.19437,1.19447,1.19406,1.19432
11/01/2018 6:45,1.19431,1.19455,1.19405,1.19449
11/01/2018 6:50,1.19448,1.19463,1.19431,1.19443
11/01/2018 6:55,1.19443,1.19467,1.19431,1.19434
11/01/2018 7:00,1.19435,1.19454,1.1943,1.19439
11/01/2018 7:05,1.19438,1.19475,1.19436,1.19473
11/01/2018 7:10,1.19473,1.1948,1.19437,1.19438
11/01/2018 7:15,1.19438,1.19458,1.19419,1.19449
11/01/2018 7:20,1.19448,1.19448,1.19389,1.19389
11/01/2018 7:25,1.19391,1.19406,1.19363,1.19366
11/01/2018 7:30,1.19366,1.19897,1.19366,1.19897
11/01/2018 7:35,1.19889,1.19918,1.19809,1.19911
11/01/2018 7:40,1.1991,1.19959,1.19854,1.1993
11/01/2018 7:45,1.19932,1.19977,1.19898,1.19945
11/01/2018 7:50,1.19945,1.20086,1.19945,1.20077
11/01/2018 7:55,1.20078,1.20128,1.20016,1.20039
11/01/2018 8:00,1.20041,1.20246,1.20023,1.20223
11/01/2018 8:05,1.20223,1.20252,1.20136,1.20163
11/01/2018 8:10,1.20161,1.20267,1.20149,1.20167
11/01/2018 8:15,1.20168,1.20206,1.20134,1.20176
11/01/2018 8:20,1.20175,1.20179,1.20113,1.20137
11/01/2018 8:25,1.20136,1.20145,1.20066,1.20121
11/01/2018 8:30,1.2012,1.20348,1.2012,1.20268
11/01/2018 8:35,1.20269,1.20345,1.20264,1.20277
11/01/2018 8:40,1.20278,1.20289,1.2024,1.20252
11/01/2018 8:45,1.20253,1.20264,1.2019,1.20213
11/01/2018 8:50,1.20214,1.20299,1.20214,1.20292
11/01/2018 8:55,1.20291,1.20327,1.20261,1.20312
11/01/2018 9:00,1.20313,1.2044,1.20309,1.20381
11/01/2018 9:05,1.20382,1.20387,1.20328,1.20383
11/01/2018 9:10,1.20383,1.20393,1.20341,1.20352
11/01/2018 9:15,1.20351,1.20404,1.20333,1.20398
11/01/2018 9:20,1.20397,1.20418,1.20325,1.20344
11/01/2018 9:25,1.20349,1.20382,1.20332,1.20342
11/01/2018 9:30,1.20341,1.20387,1.20318,1.20333
11/01/2018 9:35,1.20334,1.20374,1.20324,1.20353
11/01/2018 9:40,1.20353,1.20375,1.20329,1.20373
11/01/2018 9:45,1.20372,1.20395,1.20362,1.20367
11/01/2018 9:50,1.20366,1.20474,1.20366,1.20431
11/01/2018 9:55,1.20432,1.20486,1.20415,1.20476
11/01/2018 10:00,1.20476,1.20579,1.20446,1.20543
11/01/2018 10:05,1.2054,1.20555,1.205,1.20533
11/01/2018 10:10,1.20528,1.20589,1.2052,1.20577
11/01/2018 10:15,1.20577,1.20577,1.20525,1.20525
11/01/2018 10:20,1.20524,1.20524,1.2042,1.20426
11/01/2018 10:25,1.2043,1.20453,1.20393,1.20408
11/01/2018 10:30,1.20409,1.2046,1.20408,1.20428
11/01/2018 10:35,1.20429,1.20491,1.20429,1.20459
11/01/2018 10:40,1.2046,1.20527,1.20452,1.20512
11/01/2018 10:45,1.20509,1.20529,1.2045,1.20466
11/01/2018 10:50,1.20465,1.20565,1.20448,1.20557
11/01/2018 10:55,1.20556,1.20562,1.20449,1.2049
11/01/2018 11:00,1.2049,1.20497,1.20414,1.2043
11/01/2018 11:05,1.20433,1.20476,1.20416,1.2044
11/01/2018 11:10,1.20441,1.20484,1.2043,1.20448
11/01/2018 11:15,1.20447,1.20476,1.20431,1.2044
11/01/2018 11:20,1.20442,1.20479,1.20439,1.20449
11/01/2018 11:25,1.20451,1.20479,1.20451,1.2047
11/01/2018 11:30,1.20471,1.20486,1.20459,1.20466
11/01/2018 11:35,1.20467,1.20468,1.2043,1.20459
11/01/2018 11:40,1.20458,1.20467,1.20419,1.20426
11/01/2018 11:45,1.20425,1.20435,1.20354,1.2036
11/01/2018 11:50,1.2036,1.20368,1.20331,1.20357
11/01/2018 11:55,1.20357,1.20362,1.20321,1.20344
11/01/2018 12:00,1.20343,1.20371,1.20341,1.2035
11/01/2018 12:05,1.20349,1.20349,1.2031,1.20314
11/01/2018 12:10,1.20317,1.20358,1.20313,1.20356
11/01/2018 12:15,1.20355,1.20376,1.2033,1.20363
11/01/2018 12:20,1.20364,1.20383,1.20324,1.20356
11/01/2018 12:25,1.20355,1.20387,1.2035,1.20387
11/01/2018 12:30,1.20386,1.20408,1.2037,1.20378
11/01/2018 12:35,1.20377,1.20393,1.20372,1.20372
11/01/2018 12:40,1.20373,1.20378,1.20337,1.20344
11/01/2018 12:45,1.20342,1.20367,1.20335,1.20356
11/01/2018 12:50,1.20357,1.20371,1.20351,1.2037
11/01/2018 12:55,1.20369,1.20386,1.20354,1.20376
11/01/2018 13:00,1.20377,1.20473,1.20376,1.20405
11/01/2018 13:05,1.20406,1.2041,1.20329,1.20331
11/01/2018 13:10,1.20331,1.20349,1.20322,1.20322
11/01/2018 13:15,1.20324,1.20364,1.20324,1.20344
11/01/2018 13:20,1.20344,1.20379,1.20322,1.20323
11/01/2018 13:25,1.20324,1.20337,1.20319,1.2032
11/01/2018 13:30,1.20321,1.20383,1.203,1.20382
11/01/2018 13:35,1.20381,1.20383,1.20343,1.20346
11/01/2018 13:40,1.20345,1.20353,1.20319,1.2032
11/01/2018 13:45,1.20322,1.20355,1.20316,1.20345
11/01/2018 13:50,1.20347,1.20348,1.20326,1.2034
11/01/2018 13:55,1.2034,1.20375,1.2034,1.20368
11/01/2018 14:00,1.20368,1.20372,1.20338,1.20367
11/01/2018 14:05,1.20364,1.20385,1.20353,1.20376
11/01/2018 14:10,1.20377,1.2041,1.20361,1.20409
11/01/2018 14:15,1.2041,1.20422,1.20394,1.20421
11/01/2018 14:20,1.20421,1.20456,1.20415,1.20446
11/01/2018 14:25,1.20445,1.20449,1.20413,1.20417
11/01/2018 14:30,1.20417,1.20425,1.20388,1.20403
11/01/2018 14:35,1.20402,1.20403,1.20372,1.20388
11/01/2018 14:40,1.20387,1.20388,1.20367,1.20383
11/01/2018 14:45,1.20389,1.20401,1.20384,1.20401
11/01/2018 14:50,1.20399,1.20399,1.20366,1.20366
11/01/2018 14:55,1.20367,1.20401,1.20366,1.20388
11/01/2018 15:00,1.20389,1.20389,1.20358,1.20374
11/01/2018 15:05,1.20375,1.20395,1.20375,1.20394
11/01/2018 15:10,1.20395,1.20398,1.20374,1.20374
11/01/2018 15:15,1.20374,1.20381,1.20363,1.20363
11/01/2018 15:20,1.20362,1.20379,1.20355,1.20375
11/01/2018 15:25,1.20375,1.20381,1.20364,1.20376
11/01/2018 15:30,1.20379,1.20379,1.20342,1.20342
11/01/2018 15:35,1.20341,1.20348,1.20311,1.2032
11/01/2018 15:40,1.20321,1.20323,1.20304,1.20309
11/01/2018 15:45,1.20303,1.20312,1.20276,1.20287
11/01/2018 15:50,1.20284,1.20291,1.20279,1.20284
11/01/2018 15:55,1.20282,1.20315,1.2028,1.20306
11/01/2018 16:00,1.20306,1.20347,1.20306,1.20326
11/01/2018 16:05,1.20323,1.20323,1.20299,1.20311
11/01/2018 16:10,1.20313,1.20325,1.20306,1.20321
11/01/2018 16:15,1.20322,1.20335,1.20319,1.20325
11/01/2018 16:20,1.20325,1.20328,1.20283,1.20299
11/01/2018 16:25,1.20298,1.20328,1.20289,1.20328
11/01/2018 16:30,1.20328,1.20333,1.20296,1.20297
11/01/2018 16:35,1.20299,1.20316,1.20299,1.20312
11/01/2018 16:40,1.20311,1.20318,1.20296,1.20306
11/01/2018 16:45,1.20308,1.20312,1.2028,1.20302
11/01/2018 16:50,1.20301,1.20305,1.2029,1.20299
11/01/2018 16:55,1.20299,1.20321,1.20295,1.20308
11/01/2018 17:00,1.20306,1.20344,1.203,1.20341
11/01/2018 17:05,1.20337,1.20337,1.20307,1.2031
11/01/2018 17:10,1.20311,1.20329,1.20305,1.20323
11/01/2018 17:15,1.20324,1.2033,1.2032,1.2032
11/01/2018 17:20,1.2032,1.20322,1.20316,1.2032
11/01/2018 17:25,1.20322,1.20337,1.20318,1.20332
11/01/2018 17:30,1.20338,1.2035,1.20323,1.20343
11/01/2018 17:35,1.20342,1.20378,1.20342,1.2036
11/01/2018 17:40,1.2036,1.2039,1.20358,1.2037
11/01/2018 17:45,1.20371,1.20377,1.20351,1.20367
11/01/2018 17:50,1.20368,1.20393,1.2036,1.20387
11/01/2018 17:55,1.20386,1.20394,1.20378,1.20382
11/01/2018 18:00,1.20383,1.20383,1.2033,1.20331
11/01/2018 18:05,1.20332,1.20345,1.20328,1.2033
11/01/2018 18:10,1.20329,1.20345,1.20317,1.20345
11/01/2018 18:15,1.20346,1.20347,1.20319,1.20323
11/01/2018 18:20,1.20322,1.20332,1.20309,1.20332
11/01/2018 18:25,1.20335,1.2036,1.20335,1.20356
11/01/2018 18:30,1.20357,1.20361,1.20345,1.20346
11/01/2018 18:35,1.20345,1.20345,1.20309,1.20317
11/01/2018 18:40,1.2032,1.2036,1.2032,1.2036
11/01/2018 18:45,1.20359,1.20392,1.20356,1.20386
11/01/2018 18:50,1.20385,1.20406,1.20365,1.20402
11/01/2018 18:55,1.20401,1.20437,1.2039,1.20428
11/01/2018 19:00,1.20429,1.20477,1.20415,1.20476
11/01/2018 19:05,1.20476,1.20571,1.20458,1.20565
11/01/2018 19:10,1.20564,1.20654,1.20542,1.20628
11/01/2018 19:15,1.20629,1.20659,1.20577,1.20656
11/01/2018 19:20,1.20657,1.20665,1.20596,1.20602
11/01/2018 19:25,1.20603,1.20604,1.20575,1.20576
11/01/2018 19:30,1.20578,1.20595,1.20556,1.20595
11/01/2018 19:35,1.20596,1.20607,1.2057,1.206
11/01/2018 19:40,1.20601,1.2062,1.2058,1.20594
11/01/2018 19:45,1.20594,1.20609,1.20578,1.20599
11/01/2018 19:50,1.20601,1.20643,1.20587,1.20607
11/01/2018 19:55,1.20609,1.20636,1.20578,1.20583
11/01/2018 20:00,1.20582,1.20584,1.20559,1.20574
11/01/2018 20:05,1.20575,1.20613,1.20522,1.20522
11/01/2018 20:10,1.20526,1.20561,1.20526,1.20548
11/01/2018 20:15,1.20547,1.20554,1.20511,1.20519
11/01/2018 20:20,1.20521,1.20538,1.20518,1.20533
11/01/2018 20:25,1.20533,1.2054,1.20516,1.20532
11/01/2018 20:30,1.20533,1.20537,1.20518,1.20522
11/01/2018 20:35,1.20526,1.20533,1.20515,1.20521
11/01/2018 20:40,1.20523,1.20534,1.20513,1.20513
11/01/2018 20:45,1.20512,1.20512,1.20452,1.20466
11/01/2018 20:50,1.20468,1.20486,1.20428,1.20445
11/01/2018 20:55,1.20446,1.20458,1.2044,1.20452
11/01/2018 21:00,1.20449,1.20451,1.20419,1.20428
11/01/2018 21:05,1.20429,1.20456,1.20429,1.20444
11/01/2018 21:10,1.20445,1.20472,1.20444,1.20469
11/01/2018 21:15,1.2047,1.20497,1.2046,1.20495
11/01/2018 21:20,1.20494,1.20498,1.20462,1.20462
11/01/2018 21:25,1.20461,1.2049,1.20457,1.20479
11/01/2018 21:30,1.20478,1.20483,1.20466,1.20475
11/01/2018 21:35,1.20476,1.20483,1.20463,1.20463
11/01/2018 21:40,1.20463,1.20471,1.20448,1.20471
11/01/2018 21:45,1.20471,1.20474,1.20467,1.20468
11/01/2018 21:50,1.20467,1.20473,1.20449,1.20473
11/01/2018 21:55,1.20474,1.20503,1.20462,1.20468
11/01/2018 22:00,1.20467,1.20487,1.20457,1.20461
11/01/2018 22:05,1.2046,1.20474,1.20458,1.20473
11/01/2018 22:10,1.20474,1.20491,1.20474,1.2049
11/01/2018 22:15,1.2049,1.20526,1.20488,1.20525
11/01/2018 22:20,1.20525,1.20529,1.20481,1.20481
11/01/2018 22:25,1.20481,1.20485,1.2047,1.20478
11/01/2018 22:30,1.20477,1.20482,1.20464,1.20474
11/01/2018 22:35,1.20473,1.20474,1.20452,1.20474
11/01/2018 22:40,1.20474,1.20476,1.20464,1.20469
11/01/2018 22:45,1.2047,1.20482,1.20469,1.20478
11/01/2018 22:50,1.20479,1.2049,1.20475,1.20478
11/01/2018 22:55,1.20479,1.20513,1.20476,1.20513
11/01/2018 23:00,1.20514,1.20519,1.20484,1.20487
11/01/2018 23:05,1.20485,1.20497,1.20472,1.20482
11/01/2018 23:10,1.20483,1.20493,1.20475,1.20479
11/01/2018 23:15,1.20478,1.20478,1.20456,1.20467
11/01/2018 23:20,1.20467,1.20507,1.20463,1.20498
11/01/2018 23:25,1.20497,1.20514,1.20497,1.2051
11/01/2018 23:30,1.20509,1.20509,1.20488,1.20489
11/01/2018 23:35,1.20488,1.20491,1.20479,1.20487
11/01/2018 23:40,1.20486,1.20507,1.20481,1.20496
11/01/2018 23:45,1.20497,1.20504,1.20494,1.20502
11/01/2018 23:50,1.20501,1.20516,1.20498,1.20509
11/01/2018 23:55,1.20509,1.20545,1.20508,1.20535
12/01/2018 0:00,1.20538,1.20545,1.20522,1.20529
12/01/2018 0:05,1.20527,1.20545,1.20521,1.20544
12/01/2018 0:10,1.20544,1.20563,1.20528,1.20551
12/01/2018 0:15,1.20554,1.20561,1.20544,1.2055
12/01/2018 0:20,1.20549,1.2057,1.20533,1.20544
12/01/2018 0:25,1.20544,1.20545,1.20511,1.20512
12/01/2018 0:30,1.2051,1.20522,1.20503,1.20503
12/01/2018 0:35,1.20502,1.20502,1.20466,1.20466
12/01/2018 0:40,1.20466,1.20472,1.2043,1.2043
12/01/2018 0:45,1.20431,1.20464,1.20431,1.20437
12/01/2018 0:50,1.20437,1.20438,1.20399,1.20414
12/01/2018 0:55,1.20413,1.2044,1.20408,1.2044
12/01/2018 1:00,1.2044,1.2044,1.20423,1.20428
12/01/2018 1:05,1.20429,1.20453,1.20422,1.20431
12/01/2018 1:10,1.20433,1.20445,1.20433,1.20439
12/01/2018 1:15,1.20438,1.20456,1.20434,1.20434
12/01/2018 1:20,1.20435,1.20466,1.20429,1.20465
12/01/2018 1:25,1.20464,1.20467,1.20442,1.20454
12/01/2018 1:30,1.20455,1.20459,1.20436,1.20445
12/01/2018 1:35,1.20446,1.20472,1.20445,1.20472
12/01/2018 1:40,1.20472,1.20522,1.20471,1.20501
12/01/2018 1:45,1.20499,1.20504,1.20459,1.20459
12/01/2018 1:50,1.20457,1.20471,1.20439,1.20443
12/01/2018 1:55,1.20446,1.20487,1.20445,1.20483
12/01/2018 2:00,1.20482,1.20482,1.20456,1.20474
12/01/2018 2:05,1.20476,1.20585,1.20476,1.20573
12/01/2018 2:10,1.20572,1.20608,1.20553,1.20607
12/01/2018 2:15,1.20606,1.2063,1.2056,1.20562
12/01/2018 2:20,1.20565,1.20627,1.2056,1.20617
12/01/2018 2:25,1.20616,1.20616,1.20567,1.20584
12/01/2018 2:30,1.20583,1.20597,1.20553,1.20553
12/01/2018 2:35,1.20552,1.20616,1.20548,1.20588
12/01/2018 2:40,1.20586,1.20752,1.2058,1.20673
12/01/2018 2:45,1.20674,1.2068,1.20626,1.20654
12/01/2018 2:50,1.20651,1.2066,1.20586,1.20605
12/01/2018 2:55,1.20605,1.20663,1.20595,1.20624
12/01/2018 3:00,1.20626,1.20632,1.20522,1.2055
12/01/2018 3:05,1.20551,1.20599,1.20539,1.20588
12/01/2018 3:10,1.20589,1.2066,1.20569,1.20633
12/01/2018 3:15,1.20634,1.20634,1.2058,1.20604
12/01/2018 3:20,1.20604,1.20683,1.20596,1.20669
12/01/2018 3:25,1.20669,1.20757,1.20657,1.2073
12/01/2018 3:30,1.20732,1.20781,1.20698,1.20772
12/01/2018 3:35,1.20776,1.21145,1.20766,1.21101
12/01/2018 3:40,1.21104,1.21161,1.21041,1.21131
12/01/2018 3:45,1.2113,1.21204,1.21098,1.21123
12/01/2018 3:50,1.21125,1.21132,1.21049,1.21058
12/01/2018 3:55,1.21057,1.2111,1.21034,1.2111
12/01/2018 4:00,1.21111,1.2122,1.21109,1.21219
12/01/2018 4:05,1.21219,1.21248,1.2116,1.21188
12/01/2018 4:10,1.2119,1.21286,1.21174,1.21249
12/01/2018 4:15,1.2125,1.2128,1.21203,1.21211
12/01/2018 4:20,1.21212,1.21241,1.212,1.21237
12/01/2018 4:25,1.21236,1.21343,1.21232,1.21289
12/01/2018 4:30,1.21288,1.21354,1.21278,1.21343
12/01/2018 4:35,1.21342,1.21368,1.213,1.21306
12/01/2018 4:40,1.21307,1.2132,1.2129,1.21297
12/01/2018 4:45,1.21296,1.21308,1.21242,1.21264
12/01/2018 4:50,1.21263,1.21287,1.2123,1.21252
12/01/2018 4:55,1.21251,1.21265,1.21221,1.21252
12/01/2018 5:00,1.21253,1.21263,1.21209,1.21232
12/01/2018 5:05,1.2123,1.21258,1.21205,1.21206
12/01/2018 5:10,1.21208,1.21235,1.2118,1.21192
12/01/2018 5:15,1.21194,1.212,1.21163,1.21174
12/01/2018 5:20,1.21176,1.21197,1.2117,1.21176
12/01/2018 5:25,1.21177,1.21177,1.21144,1.21154
12/01/2018 5:30,1.21155,1.21249,1.21154,1.2124
12/01/2018 5:35,1.21241,1.21289,1.2123,1.21279
12/01/2018 5:40,1.2128,1.21287,1.2126,1.21276
12/01/2018 5:45,1.21275,1.21287,1.2122,1.2125
12/01/2018 5:50,1.21253,1.21261,1.21204,1.21215
12/01/2018 5:55,1.21215,1.21215,1.21153,1.21188
12/01/2018 6:00,1.21188,1.21229,1.21188,1.21216
12/01/2018 6:05,1.21217,1.21267,1.21217,1.21262
12/01/2018 6:10,1.21263,1.21281,1.21249,1.21249
12/01/2018 6:15,1.21249,1.21307,1.21222,1.21307
12/01/2018 6:20,1.21308,1.21326,1.21287,1.21291
12/01/2018 6:25,1.21292,1.21302,1.21234,1.21253
12/01/2018 6:30,1.21255,1.21356,1.21255,1.21344
12/01/2018 6:35,1.21343,1.21354,1.21265,1.21276
12/01/2018 6:40,1.21275,1.21276,1.21245,1.21267
12/01/2018 6:45,1.21267,1.21281,1.21237,1.21243
12/01/2018 6:50,1.21244,1.21267,1.21226,1.21227
12/01/2018 6:55,1.21228,1.21244,1.21212,1.21243
12/01/2018 7:00,1.21244,1.21262,1.21225,1.21254
12/01/2018 7:05,1.21253,1.21306,1.21251,1.21303
12/01/2018 7:10,1.21305,1.21307,1.2126,1.21281
12/01/2018 7:15,1.21282,1.2129,1.21251,1.21279
12/01/2018 7:20,1.2128,1.21289,1.21244,1.21256
12/01/2018 7:25,1.21258,1.21273,1.21236,1.21242
12/01/2018 7:30,1.21242,1.21304,1.21242,1.21265
12/01/2018 7:35,1.21269,1.21293,1.21239,1.21291
12/01/2018 7:40,1.21291,1.21365,1.2129,1.2135
12/01/2018 7:45,1.21349,1.21366,1.2134,1.21353
12/01/2018 7:50,1.21354,1.21379,1.21351,1.21354
12/01/2018 7:55,1.21356,1.21369,1.21315,1.21333
12/01/2018 8:00,1.21334,1.21389,1.21328,1.21358
12/01/2018 8:05,1.21357,1.21376,1.2135,1.21371
12/01/2018 8:10,1.21371,1.21381,1.21348,1.21367
12/01/2018 8:15,1.21367,1.21399,1.21348,1.21358
12/01/2018 8:20,1.21357,1.21392,1.21345,1.21388
12/01/2018 8:25,1.21389,1.21424,1.21377,1.21395
12/01/2018 8:30,1.21391,1.21485,1.21171,1.21442
12/01/2018 8:35,1.21434,1.21435,1.21241,1.21305
12/01/2018 8:40,1.21306,1.21316,1.2112,1.21143
12/01/2018 8:45,1.21145,1.21289,1.21145,1.21237
12/01/2018 8:50,1.21237,1.2131,1.21216,1.21268
12/01/2018 8:55,1.21269,1.21272,1.21148,1.21198
12/01/2018 9:00,1.21198,1.21205,1.21114,1.21152
12/01/2018 9:05,1.21153,1.21277,1.21153,1.21269
12/01/2018 9:10,1.2127,1.21287,1.21232,1.21254
12/01/2018 9:15,1.21254,1.21349,1.21252,1.21343
12/01/2018 9:20,1.21345,1.21375,1.21311,1.21365
12/01/2018 9:25,1.21364,1.21486,1.21341,1.21443
12/01/2018 9:30,1.21442,1.21445,1.21326,1.2133
12/01/2018 9:35,1.21328,1.21397,1.21312,1.21347
12/01/2018 9:40,1.21348,1.2142,1.2132,1.2142
12/01/2018 9:45,1.21422,1.21447,1.21366,1.21439
12/01/2018 9:50,1.21438,1.21439,1.21319,1.21339
12/01/2018 9:55,1.21338,1.21383,1.21304,1.21378
12/01/2018 10:00,1.21379,1.21489,1.21376,1.21419
12/01/2018 10:05,1.21418,1.21465,1.21382,1.21401
12/01/2018 10:10,1.214,1.21439,1.21387,1.21437
12/01/2018 10:15,1.21437,1.21465,1.21425,1.21451
12/01/2018 10:20,1.21452,1.21454,1.21359,1.21374
12/01/2018 10:25,1.21373,1.21376,1.21326,1.2136
12/01/2018 10:30,1.21362,1.21428,1.21346,1.21427
12/01/2018 10:35,1.21431,1.21456,1.2141,1.2143
12/01/2018 10:40,1.21429,1.21449,1.21372,1.21377
12/01/2018 10:45,1.21378,1.21472,1.21375,1.21472
12/01/2018 10:50,1.21473,1.21552,1.2144,1.21485
12/01/2018 10:55,1.21485,1.21514,1.21448,1.2148
12/01/2018 11:00,1.21479,1.21479,1.21409,1.21428
12/01/2018 11:05,1.21431,1.21448,1.2138,1.21389
12/01/2018 11:10,1.2139,1.21424,1.2139,1.21421
12/01/2018 11:15,1.2142,1.21463,1.21409,1.21426
12/01/2018 11:20,1.21425,1.21486,1.21415,1.21449
12/01/2018 11:25,1.21452,1.21556,1.2145,1.21534
12/01/2018 11:30,1.21535,1.21535,1.21227,1.21248
12/01/2018 11:35,1.21249,1.21315,1.21221,1.21304
12/01/2018 11:40,1.21305,1.21364,1.21298,1.21331
12/01/2018 11:45,1.2133,1.21345,1.21284,1.21312
12/01/2018 11:50,1.21311,1.21365,1.21308,1.21354
12/01/2018 11:55,1.21355,1.2136,1.213,1.213
12/01/2018 12:00,1.21301,1.21332,1.21295,1.2131
12/01/2018 12:05,1.21309,1.21371,1.213,1.21324
12/01/2018 12:10,1.21327,1.21359,1.21304,1.21334
12/01/2018 12:15,1.21333,1.21344,1.21251,1.21262
12/01/2018 12:20,1.21261,1.21311,1.21252,1.21293
12/01/2018 12:25,1.21291,1.21295,1.21241,1.21276
12/01/2018 12:30,1.21275,1.21348,1.21273,1.2134
12/01/2018 12:35,1.21342,1.21342,1.21291,1.21293
12/01/2018 12:40,1.21295,1.21324,1.21291,1.21323
12/01/2018 12:45,1.21321,1.21361,1.21309,1.2135
12/01/2018 12:50,1.21351,1.21366,1.2134,1.21355
12/01/2018 12:55,1.21357,1.21358,1.21313,1.21344
12/01/2018 13:00,1.21346,1.21378,1.21329,1.21376
12/01/2018 13:05,1.21376,1.21381,1.21347,1.21374
12/01/2018 13:10,1.21373,1.21421,1.2137,1.21419
12/01/2018 13:15,1.21421,1.21436,1.21405,1.21409
12/01/2018 13:20,1.21411,1.2147,1.21411,1.21453
12/01/2018 13:25,1.21457,1.21491,1.21456,1.21486
12/01/2018 13:30,1.21485,1.21572,1.21474,1.21535
12/01/2018 13:35,1.21537,1.21633,1.21534,1.21566
12/01/2018 13:40,1.21568,1.21586,1.21532,1.2157
12/01/2018 13:45,1.21569,1.21596,1.21542,1.21585
12/01/2018 13:50,1.21588,1.21648,1.21588,1.21605
12/01/2018 13:55,1.21608,1.21665,1.21608,1.21623
12/01/2018 14:00,1.21622,1.21646,1.21603,1.21619
12/01/2018 14:05,1.2162,1.21667,1.21617,1.21628
12/01/2018 14:10,1.21628,1.21697,1.21624,1.21695
12/01/2018 14:15,1.21693,1.21737,1.21647,1.21659
12/01/2018 14:20,1.21658,1.21727,1.21645,1.21721
12/01/2018 14:25,1.2172,1.21737,1.21709,1.21728
12/01/2018 14:30,1.21729,1.2185,1.21725,1.21779
12/01/2018 14:35,1.2178,1.21821,1.21759,1.21784
12/01/2018 14:40,1.21781,1.21788,1.21747,1.21768
12/01/2018 14:45,1.21772,1.21834,1.21768,1.21816
12/01/2018 14:50,1.21816,1.2183,1.21777,1.21805
12/01/2018 14:55,1.21806,1.21836,1.21791,1.21813
12/01/2018 15:00,1.2181,1.21835,1.21788,1.2179
12/01/2018 15:05,1.21789,1.2182,1.21781,1.21784
12/01/2018 15:10,1.21783,1.21797,1.21766,1.21787
12/01/2018 15:15,1.21787,1.2179,1.21767,1.21775
12/01/2018 15:20,1.21776,1.21811,1.21775,1.21811
12/01/2018 15:25,1.2181,1.2181,1.21776,1.21795
12/01/2018 15:30,1.21794,1.21822,1.21782,1.21822
12/01/2018 15:35,1.21823,1.2184,1.21811,1.21824
12/01/2018 15:40,1.21824,1.21827,1.2181,1.2182
12/01/2018 15:45,1.21818,1.2182,1.21807,1.21815
12/01/2018 15:50,1.21814,1.21867,1.21811,1.21853
12/01/2018 15:55,1.21853,1.21883,1.21844,1.2187
12/01/2018 16:00,1.21869,1.22056,1.21868,1.22056
12/01/2018 16:05,1.22063,1.22186,1.22018,1.22029
12/01/2018 16:10,1.22028,1.22066,1.22006,1.22039
12/01/2018 16:15,1.22039,1.22073,1.21998,1.21999
12/01/2018 16:20,1.21999,1.22001,1.21929,1.21956
12/01/2018 16:25,1.21956,1.21971,1.21944,1.21969
12/01/2018 16:30,1.21969,1.22003,1.21951,1.21951
12/01/2018 16:35,1.2195,1.2195,1.21907,1.21915
12/01/2018 16:40,1.21918,1.21959,1.2189,1.21906
12/01/2018 16:45,1.21907,1.2197,1.21876,1.21876
12/01/2018 16:50,1.21878,1.21968,1.21878,1.21945
12/01/2018 16:55,1.21944,1.22083,1.21904,1.22
